route,calendar_week,residual_weight,LetterReceived,TreatmentOngoing,TreatmentCompleted,treatment
101,-15,9.3999996,0,0,0,0
101,-14,9.5,0,0,0,0
101,-13,9,0,0,0,0
101,-12,9.3000002,0,0,0,0
101,-11,9.3999996,0,0,0,0
101,-10,9.3000002,0,0,0,0
101,-9,8.8999996,0,0,0,0
101,-8,9.8000002,0,0,0,0
101,-7,9.3000002,0,0,0,0
101,-6,9.3999996,0,0,0,0
101,-5,8.6000004,1,0,0,1
101,-4,8.3000002,1,0,0,1
101,-3,7.6999998,0,1,0,1
101,-2,8.3000002,0,1,0,1
101,-1,7.5999999,0,1,0,1
101,0,8.3000002,0,1,0,1
101,1,8.5,0,1,0,1
101,2,10.26,0,1,0,1
101,3,7.46,0,0,1,1
101,4,7.3000002,0,0,1,1
101,5,7.3400002,0,0,1,1
101,6,7.5999999,0,0,1,1
101,7,7.8600001,0,0,1,1
101,8,7.4200001,0,0,1,1
101,9,8.1199999,0,0,1,1
101,10,8.0799999,0,0,1,1
101,11,8.4399996,0,0,1,1
101,12,8.4200001,0,0,1,1
101,13,8.46,0,0,1,1
101,14,8.1999998,0,0,1,1
101,15,,0,0,1,1
101,16,13.34,0,0,1,1
101,17,8.9200001,0,0,1,1
101,18,,0,0,1,1
101,19,11.12,0,0,1,1
101,20,7.7399998,0,0,1,1
101,21,8.8000002,0,0,1,1
101,22,,0,0,1,1
101,23,11.08,0,0,1,1
101,24,8.5600004,0,0,1,1
101,25,8.4799995,0,0,1,1
101,26,9.3199997,0,0,1,1
101,27,8.96,0,0,1,1
101,28,8.8400002,0,0,1,1
101,29,8.3800001,0,0,1,1
101,30,8.6199999,0,0,1,1
101,31,7.3800001,0,0,1,1
101,32,8.9799995,0,0,1,1
101,33,7.3400002,0,0,1,1
101,34,7.8200002,0,0,1,1
101,35,7.6799998,0,0,1,1
101,36,9.1400003,0,0,1,1
102,-15,11.3,0,0,0,0
102,-14,9.5,0,0,0,0
102,-13,10.4,0,0,0,0
102,-12,8.8999996,0,0,0,0
102,-11,10.2,0,0,0,0
102,-10,9.6999998,0,0,0,0
102,-9,9.6999998,0,0,0,0
102,-8,10,0,0,0,0
102,-7,10.3,0,0,0,0
102,-6,11.4,0,0,0,0
102,-5,10,0,0,0,0
102,-4,9.6000004,0,0,0,0
102,-3,8.8999996,0,0,0,0
102,-2,9,0,0,0,0
102,-1,9.1999998,0,0,0,0
102,0,8.5,0,0,0,0
102,1,7.0999999,0,0,0,0
102,2,11.5,0,0,0,0
102,3,8.8999996,0,0,0,0
102,4,9.1000004,0,0,0,0
102,5,8.7600002,0,0,0,0
102,6,8.1000004,0,0,0,0
102,7,9.4399996,0,0,0,0
102,8,8.1800003,0,0,0,0
102,9,9.3800001,0,0,0,0
102,10,9.0200005,0,0,0,0
102,11,9.6999998,0,0,0,0
102,12,8.7600002,0,0,0,0
102,13,9.1199999,0,0,0,0
102,14,8.3000002,0,0,0,0
102,15,4.8000002,0,0,0,0
102,16,13.8,0,0,0,0
102,17,9.6800003,0,0,0,0
102,18,4.4200001,0,0,0,0
102,19,14.66,0,0,0,0
102,20,10.18,0,0,0,0
102,21,11.08,0,0,0,0
102,22,5.6199999,1,0,0,1
102,23,,1,0,0,1
102,24,7.5599999,1,0,0,1
102,25,9.1999998,0,1,0,1
102,26,9.0799999,0,1,0,1
102,27,8.8199997,0,1,0,1
102,28,7.98,0,1,0,1
102,29,8.2200003,0,0,1,1
102,30,7.9400001,0,0,1,1
102,31,7.2399998,0,0,1,1
102,32,7.48,0,0,1,1
102,33,7.9200001,0,0,1,1
102,34,7.98,0,0,1,1
102,35,6.7399998,0,0,1,1
102,36,7.3400002,0,0,1,1
103,-15,6.4000001,0,0,0,0
103,-14,6.4000001,0,0,0,0
103,-13,6.9000001,0,0,0,0
103,-12,7.6999998,0,0,0,0
103,-11,10.1,0,0,0,0
103,-10,7.5999999,0,0,0,0
103,-9,6.3000002,0,0,0,0
103,-8,7.4000001,0,0,0,0
103,-7,7,0,0,0,0
103,-6,7.5,0,0,0,0
103,-5,8.3999996,0,0,0,0
103,-4,6.9000001,0,0,0,0
103,-3,6.1999998,0,0,0,0
103,-2,,0,0,0,0
103,-1,6.3000002,0,0,0,0
103,0,5.4000001,0,0,0,0
103,1,6.9000001,0,0,0,0
103,2,6.9200001,0,0,0,0
103,3,6.1999998,0,0,0,0
103,4,6.2199998,0,0,0,0
103,5,5.5599999,0,0,0,0
103,6,5.0799999,0,0,0,0
103,7,6.04,0,0,0,0
103,8,5.5799999,0,0,0,0
103,9,6.6599998,0,0,0,0
103,10,6.1799998,0,0,0,0
103,11,6.4000001,0,0,0,0
103,12,7.6799998,0,0,0,0
103,13,6.3600001,0,0,0,0
103,14,6.3400002,0,0,0,0
103,15,,0,0,0,0
103,16,8.1999998,0,0,0,0
103,17,8.5,0,0,0,0
103,18,,1,0,0,1
103,19,7.6199999,1,0,0,1
103,20,6.9000001,1,0,0,1
103,21,6.46,0,1,0,1
103,22,,0,1,0,1
103,23,6.8000002,0,1,0,1
103,24,5.8800001,0,1,0,1
103,25,5.5599999,0,0,1,1
103,26,5.8400002,0,0,1,1
103,27,6.9000001,0,0,1,1
103,28,7.1599998,0,0,1,1
103,29,6.6999998,0,0,1,1
103,30,,0,0,1,1
103,31,5.3800001,0,0,1,1
103,32,5.54,0,0,1,1
103,33,5.7600002,0,0,1,1
103,34,5.7399998,0,0,1,1
103,35,6.2199998,0,0,1,1
103,36,6.4400001,0,0,1,1
104,-15,12.8,0,0,0,0
104,-14,12.4,0,0,0,0
104,-13,11.7,0,0,0,0
104,-12,12.4,0,0,0,0
104,-11,12.5,0,0,0,0
104,-10,12.9,0,0,0,0
104,-9,12.3,0,0,0,0
104,-8,13.1,0,0,0,0
104,-7,12.1,0,0,0,0
104,-6,12.5,0,0,0,0
104,-5,10.8,0,0,0,0
104,-4,12.6,0,0,0,0
104,-3,11.5,0,0,0,0
104,-2,11,0,0,0,0
104,-1,12.1,0,0,0,0
104,0,11.6,0,0,0,0
104,1,11,0,0,0,0
104,2,14.54,0,0,0,0
104,3,12.12,0,0,0,0
104,4,12.82,0,0,0,0
104,5,11.28,0,0,0,0
104,6,11.36,0,0,0,0
104,7,11.26,1,0,0,1
104,8,9.3400002,1,0,0,1
104,9,10.94,0,1,0,1
104,10,10.06,0,1,0,1
104,11,11.26,0,1,0,1
104,12,9.8599997,0,1,0,1
104,13,13.36,0,1,0,1
104,14,9.9799995,0,0,1,1
104,15,,0,0,1,1
104,16,,0,0,1,1
104,17,11.6,0,0,1,1
104,18,6,0,0,1,1
104,19,13.2,0,0,1,1
104,20,13.28,0,0,1,1
104,21,11.76,0,0,1,1
104,22,6.02,0,0,1,1
104,23,14.08,0,0,1,1
104,24,11.36,0,0,1,1
104,25,11.08,0,0,1,1
104,26,11.72,0,0,1,1
104,27,12,0,0,1,1
104,28,10.94,0,0,1,1
104,29,11.6,0,0,1,1
104,30,11.24,0,0,1,1
104,31,9.7399998,0,0,1,1
104,32,9.8000002,0,0,1,1
104,33,11,0,0,1,1
104,34,9.5799999,0,0,1,1
104,35,9.8000002,0,0,1,1
104,36,10.9,0,0,1,1
105,-15,10.4,0,0,0,0
105,-14,9.8000002,0,0,0,0
105,-13,9.5,0,0,0,0
105,-12,9.3999996,0,0,0,0
105,-11,10.2,0,0,0,0
105,-10,9.8999996,0,0,0,0
105,-9,10.4,0,0,0,0
105,-8,9.8999996,0,0,0,0
105,-7,10,0,0,0,0
105,-6,9.8000002,0,0,0,0
105,-5,9.3000002,0,0,0,0
105,-4,9.3000002,0,0,0,0
105,-3,8.8999996,0,0,0,0
105,-2,8.8999996,0,0,0,0
105,-1,9.5,0,0,0,0
105,0,9.3999996,0,0,0,0
105,1,5.6999998,0,0,0,0
105,2,10.46,0,0,0,0
105,3,9.8999996,0,0,0,0
105,4,8.6599998,0,0,0,0
105,5,8.9399996,0,0,0,0
105,6,8.4399996,0,0,0,0
105,7,9.2600002,0,0,0,0
105,8,9.6599998,0,0,0,0
105,9,9.5,0,0,0,0
105,10,9.8400002,0,0,0,0
105,11,9.2600002,0,0,0,0
105,12,9.2399998,0,0,0,0
105,13,9.3800001,0,0,0,0
105,14,8.7799997,1,0,0,1
105,15,4.1799998,1,0,0,1
105,16,12.86,1,0,0,1
105,17,9.0600004,0,1,0,1
105,18,4.1999998,0,1,0,1
105,19,11,0,1,0,1
105,20,8.7600002,0,1,0,1
105,21,8.04,0,0,1,1
105,22,4.02,0,0,1,1
105,23,11.96,0,0,1,1
105,24,9.5600004,0,0,1,1
105,25,8.2600002,0,0,1,1
105,26,8.2600002,0,0,1,1
105,27,9.2600002,0,0,1,1
105,28,8.7399998,0,0,1,1
105,29,8.6199999,0,0,1,1
105,30,8.4799995,0,0,1,1
105,31,7.3400002,0,0,1,1
105,32,7.04,0,0,1,1
105,33,6.7399998,0,0,1,1
105,34,5.8800001,0,0,1,1
105,35,7.04,0,0,1,1
105,36,8.4200001,0,0,1,1
106,-15,12.6,0,0,0,0
106,-14,11.5,0,0,0,0
106,-13,10.9,0,0,0,0
106,-12,11.5,0,0,0,0
106,-11,12.1,0,0,0,0
106,-10,11.8,0,0,0,0
106,-9,11.1,0,0,0,0
106,-8,11.8,0,0,0,0
106,-7,11.8,0,0,0,0
106,-6,10.8,0,0,0,0
106,-5,10.7,0,0,0,0
106,-4,11.1,0,0,0,0
106,-3,10.8,0,0,0,0
106,-2,10.5,0,0,0,0
106,-1,11.3,0,0,0,0
106,0,10.7,0,0,0,0
106,1,11,0,0,0,0
106,2,14.06,0,0,0,0
106,3,11.58,0,0,0,0
106,4,10.24,0,0,0,0
106,5,10.78,0,0,0,0
106,6,10.9,0,0,0,0
106,7,11.38,0,0,0,0
106,8,9.7799997,0,0,0,0
106,9,11.76,0,0,0,0
106,10,11.08,0,0,0,0
106,11,11.76,0,0,0,0
106,12,11.24,0,0,0,0
106,13,11.42,0,0,0,0
106,14,11,0,0,0,0
106,15,5.2800002,0,0,0,0
106,16,,0,0,0,0
106,17,11.8,0,0,0,0
106,18,4.98,1,0,0,1
106,19,13.54,1,0,0,1
106,20,10.16,1,0,0,1
106,21,11.12,0,1,0,1
106,22,6.5,0,1,0,1
106,23,13.98,0,1,0,1
106,24,10.5,0,1,0,1
106,25,10,0,0,1,1
106,26,10.14,0,0,1,1
106,27,11.42,0,0,1,1
106,28,10.94,0,0,1,1
106,29,11.5,0,0,1,1
106,30,10.32,0,0,1,1
106,31,9.1400003,0,0,1,1
106,32,9.4200001,0,0,1,1
106,33,10.52,0,0,1,1
106,34,8.4399996,0,0,1,1
106,35,9.54,0,0,1,1
106,36,10.72,0,0,1,1
107,-15,9.8999996,0,0,0,0
107,-14,8.8999996,0,0,0,0
107,-13,10,0,0,0,0
107,-12,9.3000002,0,0,0,0
107,-11,10.3,0,0,0,0
107,-10,9.1999998,0,0,0,0
107,-9,8.5,0,0,0,0
107,-8,9.3000002,0,0,0,0
107,-7,8.8999996,0,0,0,0
107,-6,9,0,0,0,0
107,-5,9,0,0,0,0
107,-4,9.8000002,0,0,0,0
107,-3,8.3999996,0,0,0,0
107,-2,7.5999999,0,0,0,0
107,-1,8.3999996,0,0,0,0
107,0,7.5999999,0,0,0,0
107,1,8.1999998,0,0,0,0
107,2,10.68,0,0,0,0
107,3,8.96,0,0,0,0
107,4,8.7600002,0,0,0,0
107,5,8.3800001,0,0,0,0
107,6,8,0,0,0,0
107,7,8.8400002,1,0,0,1
107,8,5.5599999,1,0,0,1
107,9,8.2600002,0,1,0,1
107,10,7.2199998,0,1,0,1
107,11,8.04,0,1,0,1
107,12,7.48,0,1,0,1
107,13,7.5799999,0,1,0,1
107,14,7.1199999,0,0,1,1
107,15,4.04,0,0,1,1
107,16,11.18,0,0,1,1
107,17,9.5600004,0,0,1,1
107,18,,0,0,1,1
107,19,9.7200003,0,0,1,1
107,20,8.2399998,0,0,1,1
107,21,8.3599997,0,0,1,1
107,22,4.1399999,0,0,1,1
107,23,10.36,0,0,1,1
107,24,8.3800001,0,0,1,1
107,25,8.8999996,0,0,1,1
107,26,7.5599999,0,0,1,1
107,27,8.6400003,0,0,1,1
107,28,7.9400001,0,0,1,1
107,29,8.5200005,0,0,1,1
107,30,8.2200003,0,0,1,1
107,31,7.7800002,0,0,1,1
107,32,7.04,0,0,1,1
107,33,7.7800002,0,0,1,1
107,34,6.7199998,0,0,1,1
107,35,7.1199999,0,0,1,1
107,36,8.1000004,0,0,1,1
108,-15,8.5,0,0,0,0
108,-14,11.5,0,0,0,0
108,-13,10.4,0,0,0,0
108,-12,11.2,0,0,0,0
108,-11,11.2,0,0,0,0
108,-10,11.5,0,0,0,0
108,-9,9.8000002,0,0,0,0
108,-8,11.8,0,0,0,0
108,-7,11.4,0,0,0,0
108,-6,10.2,0,0,0,0
108,-5,11.1,0,0,0,0
108,-4,10.9,0,0,0,0
108,-3,10.8,0,0,0,0
108,-2,10.9,0,0,0,0
108,-1,11.1,0,0,0,0
108,0,10.3,0,0,0,0
108,1,10.5,0,0,0,0
108,2,12.36,0,0,0,0
108,3,10.88,0,0,0,0
108,4,10.16,0,0,0,0
108,5,9.5,0,0,0,0
108,6,9.9799995,0,0,0,0
108,7,11.06,0,0,0,0
108,8,9.5600004,0,0,0,0
108,9,10.64,0,0,0,0
108,10,10.88,0,0,0,0
108,11,11.58,0,0,0,0
108,12,12.2,0,0,0,0
108,13,10.96,0,0,0,0
108,14,10.22,0,0,0,0
108,15,4.6799998,0,0,0,0
108,16,13.26,0,0,0,0
108,17,12.32,0,0,0,0
108,18,4.7399998,0,0,0,0
108,19,13.9,0,0,0,0
108,20,11.78,0,0,0,0
108,21,10.78,0,0,0,0
108,22,5.8400002,1,0,0,1
108,23,13.92,1,0,0,1
108,24,10.1,1,0,0,1
108,25,9.6800003,0,1,0,1
108,26,9.4799995,0,1,0,1
108,27,10.1,0,1,0,1
108,28,9.7200003,0,1,0,1
108,29,10.26,0,0,1,1
108,30,10.36,0,0,1,1
108,31,9.6400003,0,0,1,1
108,32,10.4,0,0,1,1
108,33,8.8400002,0,0,1,1
108,34,8.8599997,0,0,1,1
108,35,9.8800001,0,0,1,1
108,36,11.32,0,0,1,1
109,-15,8,0,0,0,0
109,-14,7.9000001,0,0,0,0
109,-13,8.5,0,0,0,0
109,-12,7.5999999,0,0,0,0
109,-11,8.6000004,0,0,0,0
109,-10,8.3999996,0,0,0,0
109,-9,7.5,0,0,0,0
109,-8,8,0,0,0,0
109,-7,7.8000002,0,0,0,0
109,-6,7.6999998,0,0,0,0
109,-5,8.3000002,0,0,0,0
109,-4,8.5,0,0,0,0
109,-3,8.3999996,0,0,0,0
109,-2,7.6999998,0,0,0,0
109,-1,7.8000002,0,0,0,0
109,0,7.6999998,0,0,0,0
109,1,7.9000001,0,0,0,0
109,2,9.2200003,0,0,0,0
109,3,7.54,0,0,0,0
109,4,7.02,0,0,0,0
109,5,6.7600002,0,0,0,0
109,6,7.04,0,0,0,0
109,7,7.2399998,0,0,0,0
109,8,7.1799998,0,0,0,0
109,9,8.3400002,0,0,0,0
109,10,8.4799995,1,0,0,1
109,11,7.8800001,1,0,0,1
109,12,7.6999998,1,0,0,1
109,13,8.0200005,0,1,0,1
109,14,6.2199998,0,1,0,1
109,15,,0,1,0,1
109,16,11.34,0,1,0,1
109,17,7.1199999,0,0,1,1
109,18,4.1599998,0,0,1,1
109,19,9.5600004,0,0,1,1
109,20,7.96,0,0,1,1
109,21,7.2399998,0,0,1,1
109,22,4.1599998,0,0,1,1
109,23,9.3599997,0,0,1,1
109,24,7.7199998,0,0,1,1
109,25,7.5,0,0,1,1
109,26,7.0799999,0,0,1,1
109,27,7.1599998,0,0,1,1
109,28,7.1799998,0,0,1,1
109,29,6.7600002,0,0,1,1
109,30,7.48,0,0,1,1
109,31,6.48,0,0,1,1
109,32,7.0599999,0,0,1,1
109,33,6.5999999,0,0,1,1
109,34,6.1199999,0,0,1,1
109,35,6.3800001,0,0,1,1
109,36,7.7600002,0,0,1,1
110,-15,11.3,0,0,0,0
110,-14,9.1000004,0,0,0,0
110,-13,11,0,0,0,0
110,-12,10.1,0,0,0,0
110,-11,14.8,0,0,0,0
110,-10,10.2,0,0,0,0
110,-9,10.9,0,0,0,0
110,-8,11.3,0,0,0,0
110,-7,10.8,0,0,0,0
110,-6,10.4,0,0,0,0
110,-5,10.1,0,0,0,0
110,-4,10.1,0,0,0,0
110,-3,9.1999998,0,0,0,0
110,-2,8.8999996,0,0,0,0
110,-1,9.6000004,0,0,0,0
110,0,8.8999996,0,0,0,0
110,1,10.8,0,0,0,0
110,2,11.26,0,0,0,0
110,3,10.36,0,0,0,0
110,4,8.4200001,0,0,0,0
110,5,8.7600002,0,0,0,0
110,6,8.6199999,0,0,0,0
110,7,9.0799999,0,0,0,0
110,8,8.54,0,0,0,0
110,9,9.1999998,0,0,0,0
110,10,9.4799995,0,0,0,0
110,11,11.68,0,0,0,0
110,12,10.3,0,0,0,0
110,13,9.3599997,0,0,0,0
110,14,8.54,0,0,0,0
110,15,5.54,0,0,0,0
110,16,14.48,0,0,0,0
110,17,12.28,0,0,0,0
110,18,5.7800002,0,0,0,0
110,19,13.68,0,0,0,0
110,20,10.3,0,0,0,0
110,21,11.16,0,0,0,0
110,22,5.02,0,0,0,0
110,23,11.5,0,0,0,0
110,24,9.5600004,0,0,0,0
110,25,10.4,0,0,0,0
110,26,10.46,1,0,0,1
110,27,9.4399996,1,0,0,1
110,28,8.46,1,0,0,1
110,29,9.3199997,0,1,0,1
110,30,9.54,0,1,0,1
110,31,7.6399999,0,1,0,1
110,32,7.5,0,1,0,1
110,33,7.6199999,0,0,1,1
110,34,7.8800001,0,0,1,1
110,35,8.5799999,0,0,1,1
110,36,9.2200003,0,0,1,1
111,-15,10.6,0,0,0,0
111,-14,11,0,0,0,0
111,-13,10.2,0,0,0,0
111,-12,11,0,0,0,0
111,-11,10.6,0,0,0,0
111,-10,11.2,0,0,0,0
111,-9,10.3,0,0,0,0
111,-8,11.6,0,0,0,0
111,-7,11.8,0,0,0,0
111,-6,11.1,0,0,0,0
111,-5,11,0,0,0,0
111,-4,10.8,0,0,0,0
111,-3,10.2,0,0,0,0
111,-2,10.7,0,0,0,0
111,-1,10.2,0,0,0,0
111,0,10.5,0,0,0,0
111,1,9.3999996,0,0,0,0
111,2,13.28,0,0,0,0
111,3,11.28,0,0,0,0
111,4,11.04,0,0,0,0
111,5,10.1,0,0,0,0
111,6,10.62,0,0,0,0
111,7,10.62,0,0,0,0
111,8,9.7799997,0,0,0,0
111,9,10.76,0,0,0,0
111,10,11.3,0,0,0,0
111,11,11.64,0,0,0,0
111,12,11.02,0,0,0,0
111,13,10.7,0,0,0,0
111,14,10.48,1,0,0,1
111,15,,1,0,0,1
111,16,,1,0,0,1
111,17,10.76,0,1,0,1
111,18,4.3600001,0,1,0,1
111,19,12.12,0,1,0,1
111,20,11,0,1,0,1
111,21,9.54,0,0,1,1
111,22,5.1799998,0,0,1,1
111,23,11.96,0,0,1,1
111,24,9.3800001,0,0,1,1
111,25,8.4399996,0,0,1,1
111,26,9.6800003,0,0,1,1
111,27,10.78,0,0,1,1
111,28,9.3199997,0,0,1,1
111,29,8.9399996,0,0,1,1
111,30,9.6400003,0,0,1,1
111,31,8.6000004,0,0,1,1
111,32,9.7799997,0,0,1,1
111,33,8.8199997,0,0,1,1
111,34,8.8000002,0,0,1,1
111,35,8.3999996,0,0,1,1
111,36,10.76,0,0,1,1
112,-15,11.7,0,0,0,0
112,-14,11.6,0,0,0,0
112,-13,11.1,0,0,0,0
112,-12,11.3,0,0,0,0
112,-11,10.9,0,0,0,0
112,-10,11.5,0,0,0,0
112,-9,11.2,0,0,0,0
112,-8,11.5,0,0,0,0
112,-7,11,0,0,0,0
112,-6,11.6,0,0,0,0
112,-5,11.1,0,0,0,0
112,-4,11.1,0,0,0,0
112,-3,10.1,0,0,0,0
112,-2,10.7,0,0,0,0
112,-1,10.6,0,0,0,0
112,0,14.4,0,0,0,0
112,1,10,1,0,0,1
112,2,12.58,1,0,0,1
112,3,9.8199997,0,1,0,1
112,4,9.46,0,1,0,1
112,5,8.1999998,0,1,0,1
112,6,9.04,0,1,0,1
112,7,8.5799999,0,1,0,1
112,8,8.6000004,0,1,0,1
112,9,8.96,0,0,1,1
112,10,9.7200003,0,0,1,1
112,11,9.1199999,0,0,1,1
112,12,10.06,0,0,1,1
112,13,8.6999998,0,0,1,1
112,14,8.9799995,0,0,1,1
112,15,,0,0,1,1
112,16,,0,0,1,1
112,17,10.2,0,0,1,1
112,18,4.0999999,0,0,1,1
112,19,12.92,0,0,1,1
112,20,9.8199997,0,0,1,1
112,21,9.9399996,0,0,1,1
112,22,4.7600002,0,0,1,1
112,23,12.36,0,0,1,1
112,24,10.2,0,0,1,1
112,25,9.8400002,0,0,1,1
112,26,9.3199997,0,0,1,1
112,27,9.9399996,0,0,1,1
112,28,10.02,0,0,1,1
112,29,9.1199999,0,0,1,1
112,30,9.3599997,0,0,1,1
112,31,8.5,0,0,1,1
112,32,9.0600004,0,0,1,1
112,33,8.3999996,0,0,1,1
112,34,8.6599998,0,0,1,1
112,35,8.6000004,0,0,1,1
112,36,9.9799995,0,0,1,1
113,-15,11.4,0,0,0,0
113,-14,9.6999998,0,0,0,0
113,-13,11,0,0,0,0
113,-12,10.9,0,0,0,0
113,-11,11.2,0,0,0,0
113,-10,10.8,0,0,0,0
113,-9,14.8,0,0,0,0
113,-8,11.5,0,0,0,0
113,-7,11.4,0,0,0,0
113,-6,10.3,0,0,0,0
113,-5,10.1,0,0,0,0
113,-4,10.3,0,0,0,0
113,-3,9.8000002,0,0,0,0
113,-2,10.7,0,0,0,0
113,-1,11,0,0,0,0
113,0,9.6999998,0,0,0,0
113,1,10,0,0,0,0
113,2,11.76,0,0,0,0
113,3,10.78,0,0,0,0
113,4,9.7799997,0,0,0,0
113,5,9.7200003,0,0,0,0
113,6,9.46,0,0,0,0
113,7,10.16,0,0,0,0
113,8,10.88,0,0,0,0
113,9,10.26,0,0,0,0
113,10,9.9200001,1,0,0,1
113,11,11.04,1,0,0,1
113,12,9.2600002,1,0,0,1
113,13,9.2399998,0,1,0,1
113,14,8.1599998,0,1,0,1
113,15,,0,1,0,1
113,16,13.32,0,1,0,1
113,17,9.9399996,0,0,1,1
113,18,,0,0,1,1
113,19,12.06,0,0,1,1
113,20,9.8599997,0,0,1,1
113,21,9.4799995,0,0,1,1
113,22,4.7199998,0,0,1,1
113,23,12.84,0,0,1,1
113,24,9.54,0,0,1,1
113,25,10.04,0,0,1,1
113,26,9.7200003,0,0,1,1
113,27,10.52,0,0,1,1
113,28,10.24,0,0,1,1
113,29,10.16,0,0,1,1
113,30,9.7600002,0,0,1,1
113,31,9.2399998,0,0,1,1
113,32,8.8000002,0,0,1,1
113,33,8.8599997,0,0,1,1
113,34,7.6799998,0,0,1,1
113,35,8.7200003,0,0,1,1
113,36,9.5,0,0,1,1
201,-15,11.6,0,0,0,0
201,-14,11.3,0,0,0,0
201,-13,11.3,0,0,0,0
201,-12,10.9,0,0,0,0
201,-11,10.9,0,0,0,0
201,-10,10.9,0,0,0,0
201,-9,10.5,0,0,0,0
201,-8,10.7,0,0,0,0
201,-7,10,0,0,0,0
201,-6,11,0,0,0,0
201,-5,10,1,0,0,1
201,-4,9.6000004,1,0,0,1
201,-3,10.3,0,1,0,1
201,-2,9.1000004,0,1,0,1
201,-1,9.1000004,0,1,0,1
201,0,8.8999996,0,1,0,1
201,1,9.1999998,0,1,0,1
201,2,11,0,1,0,1
201,3,9.8000002,0,0,1,1
201,4,8.5600004,0,0,1,1
201,5,8.6999998,0,0,1,1
201,6,9.3599997,0,0,1,1
201,7,8.9200001,0,0,1,1
201,8,8.3999996,0,0,1,1
201,9,9.7399998,0,0,1,1
201,10,9.5,0,0,1,1
201,11,9.0799999,0,0,1,1
201,12,9.7399998,0,0,1,1
201,13,9.0600004,0,0,1,1
201,14,9.7200003,0,0,1,1
201,15,8.9399996,0,0,1,1
201,16,11.28,0,0,1,1
201,17,9.8199997,0,0,1,1
201,18,8.9200001,0,0,1,1
201,19,10.66,0,0,1,1
201,20,7.98,0,0,1,1
201,21,9.5600004,0,0,1,1
201,22,8.9399996,0,0,1,1
201,23,10.54,0,0,1,1
201,24,10.16,0,0,1,1
201,25,9.7600002,0,0,1,1
201,26,10.98,0,0,1,1
201,27,10.68,0,0,1,1
201,28,9.6199999,0,0,1,1
201,29,9.3800001,0,0,1,1
201,30,9.9200001,0,0,1,1
201,31,8.7200003,0,0,1,1
201,32,8.46,0,0,1,1
201,33,8.9399996,0,0,1,1
201,34,8.6000004,0,0,1,1
201,35,9.1199999,0,0,1,1
201,36,10.38,0,0,1,1
202,-15,9.6999998,0,0,0,0
202,-14,9,0,0,0,0
202,-13,9.1000004,0,0,0,0
202,-12,9.3000002,0,0,0,0
202,-11,10,0,0,0,0
202,-10,10.5,0,0,0,0
202,-9,10.3,0,0,0,0
202,-8,10.4,0,0,0,0
202,-7,9.1000004,0,0,0,0
202,-6,9.6999998,0,0,0,0
202,-5,10.1,0,0,0,0
202,-4,9,0,0,0,0
202,-3,9.3999996,0,0,0,0
202,-2,9.3999996,0,0,0,0
202,-1,10,0,0,0,0
202,0,9.1999998,0,0,0,0
202,1,8,0,0,0,0
202,2,11.04,0,0,0,0
202,3,9.8199997,0,0,0,0
202,4,8.9799995,0,0,0,0
202,5,8.6599998,0,0,0,0
202,6,9.4399996,0,0,0,0
202,7,9.2600002,0,0,0,0
202,8,10.18,0,0,0,0
202,9,9.0799999,0,0,0,0
202,10,9.5,1,0,0,1
202,11,9.7399998,1,0,0,1
202,12,9.7200003,1,0,0,1
202,13,9.5799999,0,1,0,1
202,14,8.7600002,0,1,0,1
202,15,8.1400003,0,1,0,1
202,16,9.7399998,0,1,0,1
202,17,8.1000004,0,0,1,1
202,18,8.04,0,0,1,1
202,19,9.7399998,0,0,1,1
202,20,7.46,0,0,1,1
202,21,8.7600002,0,0,1,1
202,22,10.18,0,0,1,1
202,23,10.02,0,0,1,1
202,24,9.2600002,0,0,1,1
202,25,8.4399996,0,0,1,1
202,26,8.2399998,0,0,1,1
202,27,9.8000002,0,0,1,1
202,28,9.2399998,0,0,1,1
202,29,9.5799999,0,0,1,1
202,30,8.2200003,0,0,1,1
202,31,8.2600002,0,0,1,1
202,32,8.04,0,0,1,1
202,33,7.48,0,0,1,1
202,34,7.6999998,0,0,1,1
202,35,8.3400002,0,0,1,1
202,36,9.2600002,0,0,1,1
203,-15,11.5,0,0,0,0
203,-14,11.9,0,0,0,0
203,-13,11.6,0,0,0,0
203,-12,13.5,0,0,0,0
203,-11,12.4,0,0,0,0
203,-10,9.8999996,0,0,0,0
203,-9,10.9,0,0,0,0
203,-8,12.1,0,0,0,0
203,-7,12.7,0,0,0,0
203,-6,9.8999996,0,0,0,0
203,-5,11.1,0,0,0,0
203,-4,12.4,0,0,0,0
203,-3,11.6,0,0,0,0
203,-2,,0,0,0,0
203,-1,11.6,0,0,0,0
203,0,11.7,0,0,0,0
203,1,10.6,0,0,0,0
203,2,14.18,0,0,0,0
203,3,11.86,0,0,0,0
203,4,10.5,0,0,0,0
203,5,11.5,0,0,0,0
203,6,12.16,0,0,0,0
203,7,11.3,0,0,0,0
203,8,5.3200002,0,0,0,0
203,9,12,0,0,0,0
203,10,11.3,0,0,0,0
203,11,7.8000002,0,0,0,0
203,12,10.22,0,0,0,0
203,13,11.96,0,0,0,0
203,14,9.1599998,0,0,0,0
203,15,10.88,0,0,0,0
203,16,12.66,0,0,0,0
203,17,11.66,0,0,0,0
203,18,9.3199997,1,0,0,1
203,19,11.8,1,0,0,1
203,20,8.7799997,1,0,0,1
203,21,11,0,1,0,1
203,22,8.9200001,0,1,0,1
203,23,8,0,1,0,1
203,24,10.96,0,1,0,1
203,25,11.68,0,0,1,1
203,26,8.5600004,0,0,1,1
203,27,11.5,0,0,1,1
203,28,10.36,0,0,1,1
203,29,10.04,0,0,1,1
203,30,,0,0,1,1
203,31,9.5799999,0,0,1,1
203,32,8.6800003,0,0,1,1
203,33,9.0200005,0,0,1,1
203,34,8.8800001,0,0,1,1
203,35,10.5,0,0,1,1
203,36,10.58,0,0,1,1
204,-15,10.3,0,0,0,0
204,-14,9.8000002,0,0,0,0
204,-13,10,0,0,0,0
204,-12,9.8000002,0,0,0,0
204,-11,10.4,0,0,0,0
204,-10,9.8999996,0,0,0,0
204,-9,10,0,0,0,0
204,-8,10.6,0,0,0,0
204,-7,10.1,0,0,0,0
204,-6,10.4,0,0,0,0
204,-5,10.6,0,0,0,0
204,-4,9.6999998,0,0,0,0
204,-3,9.6000004,0,0,0,0
204,-2,9.6999998,0,0,0,0
204,-1,10.4,0,0,0,0
204,0,9.3999996,0,0,0,0
204,1,10.5,0,0,0,0
204,2,13.66,0,0,0,0
204,3,10.94,0,0,0,0
204,4,10,0,0,0,0
204,5,9.8599997,0,0,0,0
204,6,9.1599998,0,0,0,0
204,7,9.54,0,0,0,0
204,8,8.9399996,0,0,0,0
204,9,9.8400002,0,0,0,0
204,10,10.1,0,0,0,0
204,11,10.14,0,0,0,0
204,12,9.6199999,0,0,0,0
204,13,10.06,0,0,0,0
204,14,9.3199997,0,0,0,0
204,15,9.9399996,0,0,0,0
204,16,10.94,0,0,0,0
204,17,9.8999996,0,0,0,0
204,18,8.0200005,1,0,0,1
204,19,9.7600002,1,0,0,1
204,20,8.5,1,0,0,1
204,21,10.9,0,1,0,1
204,22,8.96,0,1,0,1
204,23,9.3599997,0,1,0,1
204,24,9.3800001,0,1,0,1
204,25,8.8400002,0,0,1,1
204,26,8.8800001,0,0,1,1
204,27,9.2600002,0,0,1,1
204,28,9.1400003,0,0,1,1
204,29,9.2799997,0,0,1,1
204,30,8.5200005,0,0,1,1
204,31,7.96,0,0,1,1
204,32,7.7600002,0,0,1,1
204,33,9.1400003,0,0,1,1
204,34,7.5599999,0,0,1,1
204,35,8.7200003,0,0,1,1
204,36,8.96,0,0,1,1
205,-15,11.5,0,0,0,0
205,-14,10.8,0,0,0,0
205,-13,10.8,0,0,0,0
205,-12,10.3,0,0,0,0
205,-11,10.6,0,0,0,0
205,-10,10.7,0,0,0,0
205,-9,10.2,0,0,0,0
205,-8,11.4,0,0,0,0
205,-7,10.6,0,0,0,0
205,-6,10.3,0,0,0,0
205,-5,10.6,0,0,0,0
205,-4,9.8000002,0,0,0,0
205,-3,10.5,0,0,0,0
205,-2,10.2,0,0,0,0
205,-1,10.7,0,0,0,0
205,0,9.3000002,0,0,0,0
205,1,10.3,0,0,0,0
205,2,12.28,0,0,0,0
205,3,11.18,0,0,0,0
205,5,9.8000002,0,0,0,0
205,6,9.8999996,0,0,0,0
205,7,10.04,0,0,0,0
205,8,8.8999996,0,0,0,0
205,9,10.84,0,0,0,0
205,10,10.62,0,0,0,0
205,11,11,0,0,0,0
205,12,9.5799999,0,0,0,0
205,13,10.16,0,0,0,0
205,14,10.32,0,0,0,0
205,15,9.8999996,0,0,0,0
205,16,12.16,0,0,0,0
205,17,11.78,0,0,0,0
205,18,8.7799997,0,0,0,0
205,19,12.58,0,0,0,0
205,20,9,0,0,0,0
205,21,11.72,0,0,0,0
205,22,9.3599997,0,0,0,0
205,23,9.6199999,0,0,0,0
205,24,9.7600002,0,0,0,0
205,25,10.28,0,0,0,0
205,26,9.2600002,1,0,0,1
205,27,9.1199999,1,0,0,1
205,28,8.96,1,0,0,1
205,29,8.9200001,0,1,0,1
205,30,8.04,0,1,0,1
205,31,8.8199997,0,1,0,1
205,32,7.96,0,1,0,1
205,33,8.6000004,0,0,1,1
205,34,8.5799999,0,0,1,1
205,35,9.54,0,0,1,1
205,36,10.98,0,0,1,1
206,-15,9.8999996,0,0,0,0
206,-14,9.6000004,0,0,0,0
206,-13,9.5,0,0,0,0
206,-12,9.6000004,0,0,0,0
206,-11,9.3999996,0,0,0,0
206,-10,9.8000002,0,0,0,0
206,-9,10.5,0,0,0,0
206,-8,,0,0,0,0
206,-7,9.8999996,0,0,0,0
206,-6,9.1000004,0,0,0,0
206,-5,9.1000004,0,0,0,0
206,-4,8.6999998,0,0,0,0
206,-3,8.3000002,0,0,0,0
206,-2,8.6999998,0,0,0,0
206,-1,8.6000004,0,0,0,0
206,0,8.3000002,0,0,0,0
206,1,8.3999996,0,0,0,0
206,2,10.22,0,0,0,0
206,3,9.3199997,0,0,0,0
206,4,7.4000001,0,0,0,0
206,5,7.8400002,0,0,0,0
206,6,8.1199999,0,0,0,0
206,7,8.6400003,1,0,0,1
206,8,6.4400001,1,0,0,1
206,9,7.9000001,0,1,0,1
206,10,6.9200001,0,1,0,1
206,11,8.5799999,0,1,0,1
206,12,6.4400001,0,1,0,1
206,13,7.5599999,0,1,0,1
206,14,6.7800002,0,0,1,1
206,15,7.5999999,0,0,1,1
206,16,7.6799998,0,0,1,1
206,17,8.0200005,0,0,1,1
206,18,6.1599998,0,0,1,1
206,19,8.8999996,0,0,1,1
206,20,6.2800002,0,0,1,1
206,21,8.6000004,0,0,1,1
206,22,7.1399999,0,0,1,1
206,23,8.0600004,0,0,1,1
206,24,7.2800002,0,0,1,1
206,25,8.5600004,0,0,1,1
206,26,6.6999998,0,0,1,1
206,27,8.54,0,0,1,1
206,28,6.9000001,0,0,1,1
206,29,7.9400001,0,0,1,1
206,30,6.8400002,0,0,1,1
206,31,7.6999998,0,0,1,1
206,32,6.0999999,0,0,1,1
206,33,7.52,0,0,1,1
206,34,6.5799999,0,0,1,1
206,35,7.5799999,0,0,1,1
206,36,6.9200001,0,0,1,1
207,-15,12.2,0,0,0,0
207,-14,12.4,0,0,0,0
207,-13,11.9,0,0,0,0
207,-12,11.2,0,0,0,0
207,-11,11.6,0,0,0,0
207,-10,6.1999998,0,0,0,0
207,-9,10.9,0,0,0,0
207,-8,12.4,0,0,0,0
207,-7,10.9,0,0,0,0
207,-6,12.4,0,0,0,0
207,-5,11.7,0,0,0,0
207,-4,12.1,0,0,0,0
207,-3,10.5,0,0,0,0
207,-2,11.6,0,0,0,0
207,-1,10.8,0,0,0,0
207,0,12.1,0,0,0,0
207,1,10.7,0,0,0,0
207,2,13.62,0,0,0,0
207,3,11.1,0,0,0,0
207,4,11.16,0,0,0,0
207,5,10.54,0,0,0,0
207,6,11.08,0,0,0,0
207,7,12,0,0,0,0
207,8,9.7399998,0,0,0,0
207,9,11.1,0,0,0,0
207,10,11.68,0,0,0,0
207,11,12.68,0,0,0,0
207,12,12.2,0,0,0,0
207,13,11.1,0,0,0,0
207,14,10.78,0,0,0,0
207,15,11.02,0,0,0,0
207,16,13.76,0,0,0,0
207,17,12.16,0,0,0,0
207,18,11.42,0,0,0,0
207,19,12.56,0,0,0,0
207,20,9.04,0,0,0,0
207,21,11.76,0,0,0,0
207,22,10.68,1,0,0,1
207,23,11.26,1,0,0,1
207,24,11.7,1,0,0,1
207,25,11.2,0,1,0,1
207,26,9.9399996,0,1,0,1
207,27,11.92,0,1,0,1
207,28,10.1,0,1,0,1
207,29,10.2,0,0,1,1
207,30,10.18,0,0,1,1
207,31,9.2399998,0,0,1,1
207,32,9.1400003,0,0,1,1
207,33,9.6000004,0,0,1,1
207,34,9.4200001,0,0,1,1
207,35,9.7399998,0,0,1,1
207,36,10.86,0,0,1,1
208,-15,9.8000002,0,0,0,0
208,-14,8.8000002,0,0,0,0
208,-13,8.3999996,0,0,0,0
208,-12,8.5,0,0,0,0
208,-11,8.8999996,0,0,0,0
208,-10,10.3,0,0,0,0
208,-9,8.3000002,0,0,0,0
208,-8,10.6,0,0,0,0
208,-7,9.1000004,0,0,0,0
208,-6,8.3999996,0,0,0,0
208,-5,8.8000002,0,0,0,0
208,-4,8.3000002,0,0,0,0
208,-3,8.3000002,0,0,0,0
208,-2,7.6999998,0,0,0,0
208,-1,8.3999996,0,0,0,0
208,0,7.3000002,0,0,0,0
208,1,7.9000001,0,0,0,0
208,2,9.9200001,0,0,0,0
208,3,8.6800003,0,0,0,0
208,4,7.48,0,0,0,0
208,5,7.8200002,0,0,0,0
208,6,8.3599997,0,0,0,0
208,7,7.96,0,0,0,0
208,8,6.6399999,0,0,0,0
208,9,9.46,0,0,0,0
208,10,7.96,0,0,0,0
208,11,13,0,0,0,0
208,12,7.7800002,0,0,0,0
208,13,8.3999996,0,0,0,0
208,14,7.1399999,0,0,0,0
208,15,7.6799998,0,0,0,0
208,16,10.44,0,0,0,0
208,17,9.8000002,0,0,0,0
208,18,6.3400002,0,0,0,0
208,19,9.1199999,0,0,0,0
208,20,7.6599998,0,0,0,0
208,21,8.1400003,0,0,0,0
208,22,7.0999999,1,0,0,1
208,23,7.5999999,1,0,0,1
208,24,7,1,0,0,1
208,25,7.8800001,0,1,0,1
208,26,6.8000002,0,1,0,1
208,27,8.0600004,0,1,0,1
208,28,6.8600001,0,1,0,1
208,29,6.5999999,0,0,1,1
208,30,5.54,0,0,1,1
208,31,6.8200002,0,0,1,1
208,32,5.2399998,0,0,1,1
208,33,6.3400002,0,0,1,1
208,34,5.6599998,0,0,1,1
208,35,6.8800001,0,0,1,1
208,36,7,0,0,1,1
209,-15,12.2,0,0,0,0
209,-14,11.4,0,0,0,0
209,-13,11.5,0,0,0,0
209,-12,11.2,0,0,0,0
209,-11,10.8,0,0,0,0
209,-10,10.3,0,0,0,0
209,-9,10.3,0,0,0,0
209,-8,11.2,0,0,0,0
209,-7,11.5,0,0,0,0
209,-6,9.8000002,0,0,0,0
209,-5,9.8999996,0,0,0,0
209,-4,9.8999996,0,0,0,0
209,-3,8.8000002,0,0,0,0
209,-2,11,0,0,0,0
209,-1,10.5,0,0,0,0
209,0,10.1,0,0,0,0
209,1,9.1999998,0,0,0,0
209,2,12.3,0,0,0,0
209,3,9.96,0,0,0,0
209,4,10.46,0,0,0,0
209,5,9.4399996,0,0,0,0
209,6,9.7600002,0,0,0,0
209,7,8.4399996,0,0,0,0
209,8,9.04,0,0,0,0
209,9,10.62,0,0,0,0
209,10,9.6999998,0,0,0,0
209,11,11.12,0,0,0,0
209,12,10.76,0,0,0,0
209,13,9.9200001,0,0,0,0
209,14,9.2399998,1,0,0,1
209,15,8.9799995,1,0,0,1
209,16,10.24,1,0,0,1
209,17,9.1999998,0,1,0,1
209,18,8.1400003,0,1,0,1
209,19,9.5799999,0,1,0,1
209,20,8.9399996,0,1,0,1
209,21,8.9399996,0,0,1,1
209,22,10.04,0,0,1,1
209,23,8,0,0,1,1
209,24,10.32,0,0,1,1
209,25,8.8599997,0,0,1,1
209,26,8.5,0,0,1,1
209,27,10.74,0,0,1,1
209,28,9.3199997,0,0,1,1
209,29,9.1800003,0,0,1,1
209,30,9.3999996,0,0,1,1
209,31,8.2399998,0,0,1,1
209,32,9.1400003,0,0,1,1
209,33,8.5799999,0,0,1,1
209,34,8.2200003,0,0,1,1
209,35,8.0200005,0,0,1,1
209,36,10.5,0,0,1,1
210,-15,11.2,0,0,0,0
210,-14,11.3,0,0,0,0
210,-13,10.5,0,0,0,0
210,-12,11.2,0,0,0,0
210,-11,12.3,0,0,0,0
210,-10,11.3,0,0,0,0
210,-9,10.1,0,0,0,0
210,-8,11.5,0,0,0,0
210,-7,11,0,0,0,0
210,-6,11.6,0,0,0,0
210,-5,11.2,0,0,0,0
210,-4,11.9,0,0,0,0
210,-3,11.2,0,0,0,0
210,-2,11.5,0,0,0,0
210,-1,12,0,0,0,0
210,0,12.3,0,0,0,0
210,1,10.8,0,0,0,0
210,2,13.48,0,0,0,0
210,3,12.04,0,0,0,0
210,4,11.56,0,0,0,0
210,5,11.38,0,0,0,0
210,6,11.18,0,0,0,0
210,7,11.42,0,0,0,0
210,8,10.36,0,0,0,0
210,9,11.42,0,0,0,0
210,10,11.24,1,0,0,1
210,11,11.78,1,0,0,1
210,12,10.9,1,0,0,1
210,13,9.96,0,1,0,1
210,14,9.1000004,0,1,0,1
210,15,9.96,0,1,0,1
210,16,11.54,0,1,0,1
210,17,10.2,0,0,1,1
210,18,9.5799999,0,0,1,1
210,19,12.62,0,0,1,1
210,20,8.7600002,0,0,1,1
210,21,11.34,0,0,1,1
210,22,11.06,0,0,1,1
210,23,11.46,0,0,1,1
210,24,10.6,0,0,1,1
210,25,10.7,0,0,1,1
210,26,10.74,0,0,1,1
210,27,11.5,0,0,1,1
210,28,10.66,0,0,1,1
210,29,8.3599997,0,0,1,1
210,30,11.26,0,0,1,1
210,31,10.74,0,0,1,1
210,32,9.8999996,0,0,1,1
210,33,9.3199997,0,0,1,1
210,34,9.7200003,0,0,1,1
210,35,10.4,0,0,1,1
210,36,11.3,0,0,1,1
211,-15,5.0999999,0,0,0,0
211,-14,8,0,0,0,0
211,-13,9.6000004,0,0,0,0
211,-12,8.3000002,0,0,0,0
211,-11,9.5,0,0,0,0
211,-10,5.3000002,0,0,0,0
211,-9,8.6000004,0,0,0,0
211,-8,8.8000002,0,0,0,0
211,-7,9.1000004,0,0,0,0
211,-6,10.4,0,0,0,0
211,-5,9.5,0,0,0,0
211,-4,9.1000004,0,0,0,0
211,-3,9.1000004,0,0,0,0
211,-2,8.3999996,0,0,0,0
211,-1,9.1999998,0,0,0,0
211,0,8.6999998,0,0,0,0
211,1,7.8000002,0,0,0,0
211,2,10.68,0,0,0,0
211,3,8.7600002,0,0,0,0
211,4,8.1400003,0,0,0,0
211,5,8.1400003,0,0,0,0
211,6,8.8800001,0,0,0,0
211,7,8.5,1,0,0,1
211,8,5.98,1,0,0,1
211,9,9.2200003,0,1,0,1
211,10,8.7799997,0,1,0,1
211,11,9.8000002,0,1,0,1
211,12,9.3800001,0,1,0,1
211,13,7.6399999,0,1,0,1
211,14,7.0599999,0,0,1,1
211,15,7.4200001,0,0,1,1
211,16,8.9399996,0,0,1,1
211,17,8.3199997,0,0,1,1
211,18,6.46,0,0,1,1
211,19,8.1999998,0,0,1,1
211,20,7.3800001,0,0,1,1
211,21,8.2600002,0,0,1,1
211,22,7.4000001,0,0,1,1
211,23,8.5200005,0,0,1,1
211,24,7.8200002,0,0,1,1
211,25,7.1599998,0,0,1,1
211,26,7.52,0,0,1,1
211,27,8.7200003,0,0,1,1
211,28,7.0999999,0,0,1,1
211,29,7.8600001,0,0,1,1
211,30,7.04,0,0,1,1
211,31,6.4200001,0,0,1,1
211,32,7.2399998,0,0,1,1
211,33,7.7399998,0,0,1,1
211,34,6.5,0,0,1,1
211,35,8.1800003,0,0,1,1
211,36,7.7399998,0,0,1,1
212,-15,9.3999996,0,0,0,0
212,-14,7.5999999,0,0,0,0
212,-13,8.8999996,0,0,0,0
212,-12,7.8000002,0,0,0,0
212,-11,8,0,0,0,0
212,-10,11.7,0,0,0,0
212,-9,7.6999998,0,0,0,0
212,-8,9.8000002,0,0,0,0
212,-7,8.3000002,0,0,0,0
212,-6,7.9000001,0,0,0,0
212,-5,8.1999998,0,0,0,0
212,-4,8.1999998,0,0,0,0
212,-3,8.5,0,0,0,0
212,-2,6.9000001,0,0,0,0
212,-1,8.3999996,0,0,0,0
212,0,8,0,0,0,0
212,1,7.4000001,1,0,0,1
212,2,8.3800001,1,0,0,1
212,3,7.96,0,1,0,1
212,4,7.1999998,0,1,0,1
212,5,7.04,0,1,0,1
212,6,7.1599998,0,1,0,1
212,7,7.5,0,1,0,1
212,8,5.6399999,0,1,0,1
212,9,8.0799999,0,0,1,1
212,10,7.1599998,0,0,1,1
212,11,7.1799998,0,0,1,1
212,12,7.1599998,0,0,1,1
212,13,7,0,0,1,1
212,14,6.4000001,0,0,1,1
212,15,6.8600001,0,0,1,1
212,16,7.8600001,0,0,1,1
212,17,7.52,0,0,1,1
212,18,5.9200001,0,0,1,1
212,19,5.5,0,0,1,1
212,20,8.3400002,0,0,1,1
212,21,7.0799999,0,0,1,1
212,22,6.48,0,0,1,1
212,23,7.4200001,0,0,1,1
212,24,7.2600002,0,0,1,1
212,25,7.1399999,0,0,1,1
212,26,6.3600001,0,0,1,1
212,27,7.3800001,0,0,1,1
212,28,6.8200002,0,0,1,1
212,29,,0,0,1,1
212,30,6.0799999,0,0,1,1
212,31,6.8200002,0,0,1,1
212,32,6.02,0,0,1,1
212,33,6.5799999,0,0,1,1
212,34,5.52,0,0,1,1
212,35,7.0799999,0,0,1,1
212,36,7.5,0,0,1,1
213,-15,10.8,0,0,0,0
213,-14,10.5,0,0,0,0
213,-13,9.3000002,0,0,0,0
213,-12,10.6,0,0,0,0
213,-11,10.6,0,0,0,0
213,-10,10.9,0,0,0,0
213,-9,10.1,0,0,0,0
213,-8,12.2,0,0,0,0
213,-7,10.3,0,0,0,0
213,-6,10.9,0,0,0,0
213,-5,10.1,0,0,0,0
213,-4,10.6,0,0,0,0
213,-3,10,0,0,0,0
213,-2,10.2,0,0,0,0
213,-1,10.3,0,0,0,0
213,0,9.8999996,0,0,0,0
213,1,9.6000004,0,0,0,0
213,2,12.24,0,0,0,0
213,3,9.96,0,0,0,0
213,4,10.08,0,0,0,0
213,5,9.6999998,0,0,0,0
213,6,9.96,0,0,0,0
213,7,9.8800001,0,0,0,0
213,8,9.3400002,0,0,0,0
213,9,10.04,0,0,0,0
213,10,9.9200001,0,0,0,0
213,11,10.28,0,0,0,0
213,12,10.32,0,0,0,0
213,13,9.9200001,0,0,0,0
213,14,9.3000002,1,0,0,1
213,15,8.7799997,1,0,0,1
213,16,10.32,1,0,0,1
213,17,9.5,0,1,0,1
213,18,8.3199997,0,1,0,1
213,19,10.86,0,1,0,1
213,20,7.2600002,0,1,0,1
213,21,9.4399996,0,0,1,1
213,22,8.8800001,0,0,1,1
213,23,10.38,0,0,1,1
213,24,9.8000002,0,0,1,1
213,25,9.3400002,0,0,1,1
213,26,9.1000004,0,0,1,1
213,27,10,0,0,1,1
213,28,,0,0,1,1
213,29,9.1800003,0,0,1,1
213,30,9.6400003,0,0,1,1
213,31,8.04,0,0,1,1
213,32,9.3800001,0,0,1,1
213,33,8.9399996,0,0,1,1
213,34,8.3599997,0,0,1,1
213,35,8.6199999,0,0,1,1
213,36,9.6400003,0,0,1,1
301,-15,10.7,0,0,0,0
301,-14,10.1,0,0,0,0
301,-13,10.8,0,0,0,0
301,-12,10.4,0,0,0,0
301,-11,10.8,0,0,0,0
301,-10,9.8000002,0,0,0,0
301,-9,10.6,0,0,0,0
301,-8,10.9,0,0,0,0
301,-7,11.2,0,0,0,0
301,-6,10.1,0,0,0,0
301,-5,9.3999996,1,0,0,1
301,-4,8.8999996,1,0,0,1
301,-3,9.6000004,0,1,0,1
301,-2,8.6999998,0,1,0,1
301,-1,8.6000004,0,1,0,1
301,0,10.7,0,1,0,1
301,1,8.3999996,0,1,0,1
301,2,10.16,0,1,0,1
301,3,8.0600004,0,0,1,1
301,4,8.1400003,0,0,1,1
301,5,8.4399996,0,0,1,1
301,6,7.8800001,0,0,1,1
301,7,8.4799995,0,0,1,1
301,8,7.1199999,0,0,1,1
301,9,8.0200005,0,0,1,1
301,10,8.6400003,0,0,1,1
301,11,10,0,0,1,1
301,12,8.3999996,0,0,1,1
301,13,8.7200003,0,0,1,1
301,14,8,0,0,1,1
301,15,9.3999996,0,0,1,1
301,16,9.8199997,0,0,1,1
301,17,10.24,0,0,1,1
301,18,8.0600004,0,0,1,1
301,19,8.4399996,0,0,1,1
301,20,9.2399998,0,0,1,1
301,21,8.9399996,0,0,1,1
301,22,7.9200001,0,0,1,1
301,23,9.3999996,0,0,1,1
301,24,8.7399998,0,0,1,1
301,25,9.7399998,0,0,1,1
301,26,8.0200005,0,0,1,1
301,27,8.7399998,0,0,1,1
301,28,8.9200001,0,0,1,1
301,29,9.7399998,0,0,1,1
301,30,8.8199997,0,0,1,1
301,31,8.5,0,0,1,1
301,32,8.9200001,0,0,1,1
301,33,8.2200003,0,0,1,1
301,34,7.52,0,0,1,1
301,35,8.54,0,0,1,1
301,36,8.7799997,0,0,1,1
302,-15,10.3,0,0,0,0
302,-14,11,0,0,0,0
302,-13,10.6,0,0,0,0
302,-12,10.5,0,0,0,0
302,-11,,0,0,0,0
302,-10,13,0,0,0,0
302,-9,10.4,0,0,0,0
302,-8,11.6,0,0,0,0
302,-7,12.2,0,0,0,0
302,-6,11.1,0,0,0,0
302,-5,10.7,0,0,0,0
302,-4,11,0,0,0,0
302,-3,11.1,0,0,0,0
302,-2,10.4,0,0,0,0
302,-1,10.5,0,0,0,0
302,0,10.5,0,0,0,0
302,1,10.6,0,0,0,0
302,2,13.34,0,0,0,0
302,3,10.66,0,0,0,0
302,4,12.12,0,0,0,0
302,5,9.7600002,0,0,0,0
302,6,10.82,0,0,0,0
302,7,9.8000002,0,0,0,0
302,8,9.8199997,0,0,0,0
302,9,10.18,0,0,0,0
302,10,10.54,0,0,0,0
302,11,12.24,0,0,0,0
302,12,11.88,0,0,0,0
302,13,10.54,0,0,0,0
302,14,11.04,1,0,0,1
302,15,11.1,1,0,0,1
302,16,13.3,1,0,0,1
302,17,11.56,0,1,0,1
302,18,10.04,0,1,0,1
302,19,10.2,0,1,0,1
302,20,12.16,0,1,0,1
302,21,12.12,0,0,1,1
302,22,9.4799995,0,0,1,1
302,23,9.96,0,0,1,1
302,24,10.94,0,0,1,1
302,25,9.46,0,0,1,1
302,26,10.96,0,0,1,1
302,27,11.34,0,0,1,1
302,28,10.3,0,0,1,1
302,29,10.6,0,0,1,1
302,30,10.76,0,0,1,1
302,31,9.4799995,0,0,1,1
302,32,10.1,0,0,1,1
302,33,10.22,0,0,1,1
302,34,10.26,0,0,1,1
302,35,10.3,0,0,1,1
302,36,10.88,0,0,1,1
303,-15,12.8,0,0,0,0
303,-14,12.4,0,0,0,0
303,-13,11.1,0,0,0,0
303,-12,11.9,0,0,0,0
303,-11,11.7,0,0,0,0
303,-10,11.8,0,0,0,0
303,-9,6,0,0,0,0
303,-8,12.5,0,0,0,0
303,-7,12.8,0,0,0,0
303,-6,11.2,0,0,0,0
303,-5,6.8000002,0,0,0,0
303,-4,10.6,0,0,0,0
303,-3,10.9,0,0,0,0
303,-2,11.4,0,0,0,0
303,-1,11.1,0,0,0,0
303,0,10.8,0,0,0,0
303,1,13.4,0,0,0,0
303,2,14.3,0,0,0,0
303,3,11.76,0,0,0,0
303,4,12.14,0,0,0,0
303,5,10.8,0,0,0,0
303,6,10.82,0,0,0,0
303,7,10.78,0,0,0,0
303,8,12.72,0,0,0,0
303,9,11.14,0,0,0,0
303,10,11.26,0,0,0,0
303,11,13.52,0,0,0,0
303,12,11.38,0,0,0,0
303,13,10.98,0,0,0,0
303,14,10.16,0,0,0,0
303,15,13.86,0,0,0,0
303,16,12.14,0,0,0,0
303,17,12.46,0,0,0,0
303,18,9.8000002,1,0,0,1
303,19,10.62,1,0,0,1
303,20,11.36,1,0,0,1
303,21,11.5,0,1,0,1
303,22,9.6800003,0,1,0,1
303,23,9.9399996,0,1,0,1
303,24,9.7399998,0,1,0,1
303,25,9.7799997,0,0,1,1
303,26,8.7799997,0,0,1,1
303,27,10.34,0,0,1,1
303,28,9.8199997,0,0,1,1
303,29,11.12,0,0,1,1
303,30,10.26,0,0,1,1
303,31,9.4799995,0,0,1,1
303,32,9.0799999,0,0,1,1
303,33,9.7399998,0,0,1,1
303,34,8.6599998,0,0,1,1
303,35,9.0799999,0,0,1,1
303,36,11.5,0,0,1,1
304,-15,11.3,0,0,0,0
304,-14,12,0,0,0,0
304,-13,11.1,0,0,0,0
304,-12,11.9,0,0,0,0
304,-11,11.2,0,0,0,0
304,-10,11.6,0,0,0,0
304,-9,12.1,0,0,0,0
304,-8,11.6,0,0,0,0
304,-7,10.9,0,0,0,0
304,-6,11.7,0,0,0,0
304,-5,10.5,0,0,0,0
304,-4,10.8,0,0,0,0
304,-3,11,0,0,0,0
304,-2,11.5,0,0,0,0
304,-1,11.1,0,0,0,0
304,0,11,0,0,0,0
304,1,11.3,0,0,0,0
304,2,14.42,0,0,0,0
304,3,11.64,0,0,0,0
304,4,11.12,0,0,0,0
304,5,10.72,0,0,0,0
304,6,10.98,0,0,0,0
304,7,10.08,0,0,0,0
304,8,10.94,0,0,0,0
304,9,10.34,0,0,0,0
304,10,10.9,0,0,0,0
304,11,11.64,0,0,0,0
304,12,11.86,0,0,0,0
304,13,10.34,0,0,0,0
304,14,11.04,0,0,0,0
304,15,12.06,0,0,0,0
304,16,13.08,0,0,0,0
304,17,10.56,0,0,0,0
304,18,11.7,0,0,0,0
304,19,10.84,0,0,0,0
304,20,12.28,0,0,0,0
304,21,11.74,0,0,0,0
304,22,11.18,1,0,0,1
304,23,10.12,1,0,0,1
304,24,9.9200001,1,0,0,1
304,25,10.22,0,1,0,1
304,26,9.0600004,0,1,0,1
304,27,9.1800003,0,1,0,1
304,28,9.8999996,0,1,0,1
304,29,8.7600002,0,0,1,1
304,30,9.4399996,0,0,1,1
304,31,7.2800002,0,0,1,1
304,32,11.58,0,0,1,1
304,33,9.4399996,0,0,1,1
304,34,8.7399998,0,0,1,1
304,35,9.5,0,0,1,1
304,36,10.26,0,0,1,1
305,-15,11.6,0,0,0,0
305,-14,11.2,0,0,0,0
305,-13,11,0,0,0,0
305,-12,11.2,0,0,0,0
305,-11,10.9,0,0,0,0
305,-10,11.4,0,0,0,0
305,-9,11.4,0,0,0,0
305,-8,11.6,0,0,0,0
305,-7,11.7,0,0,0,0
305,-6,10.7,0,0,0,0
305,-5,10.9,0,0,0,0
305,-4,7.5999999,0,0,0,0
305,-3,10.4,0,0,0,0
305,-2,11.1,0,0,0,0
305,-1,11.9,0,0,0,0
305,0,10.4,0,0,0,0
305,1,11.5,0,0,0,0
305,2,13.6,0,0,0,0
305,3,11.54,0,0,0,0
305,4,10.44,0,0,0,0
305,5,10.94,0,0,0,0
305,6,10.58,0,0,0,0
305,7,10.98,0,0,0,0
305,8,10.48,0,0,0,0
305,9,11.02,0,0,0,0
305,10,10.4,0,0,0,0
305,11,13,0,0,0,0
305,12,10.78,0,0,0,0
305,13,11.68,0,0,0,0
305,14,10.64,0,0,0,0
305,15,11.2,0,0,0,0
305,16,13.28,0,0,0,0
305,17,11.72,0,0,0,0
305,18,10.44,0,0,0,0
305,19,9.7799997,0,0,0,0
305,20,10.58,0,0,0,0
305,21,10.94,0,0,0,0
305,22,10.12,0,0,0,0
305,23,9.3999996,0,0,0,0
305,24,9.8400002,0,0,0,0
305,25,10,0,0,0,0
305,26,9.1800003,1,0,0,1
305,27,9.5600004,1,0,0,1
305,28,10.44,1,0,0,1
305,29,10.04,0,1,0,1
305,30,8.6800003,0,1,0,1
305,31,7.54,0,1,0,1
305,32,6.8000002,0,1,0,1
305,33,7.6399999,0,0,1,1
305,34,7.8000002,0,0,1,1
305,35,8.5799999,0,0,1,1
305,36,9.3599997,0,0,1,1
306,-15,12.6,0,0,0,0
306,-14,13.6,0,0,0,0
306,-13,12.6,0,0,0,0
306,-12,13.2,0,0,0,0
306,-11,,0,0,0,0
306,-10,13.4,0,0,0,0
306,-9,12.8,0,0,0,0
306,-8,13.5,0,0,0,0
306,-7,12.7,0,0,0,0
306,-6,12.2,0,0,0,0
306,-5,12.5,0,0,0,0
306,-4,12.1,0,0,0,0
306,-3,11.7,0,0,0,0
306,-2,12.1,0,0,0,0
306,-1,12.8,0,0,0,0
306,0,11.6,0,0,0,0
306,1,13.5,0,0,0,0
306,2,,0,0,0,0
306,3,13.46,0,0,0,0
306,4,12,0,0,0,0
306,5,11.98,0,0,0,0
306,6,11.64,0,0,0,0
306,7,11.86,0,0,0,0
306,8,10.4,0,0,0,0
306,9,12.8,0,0,0,0
306,10,11.7,0,0,0,0
306,11,13.22,0,0,0,0
306,12,12,0,0,0,0
306,13,12.02,0,0,0,0
306,14,11.64,0,0,0,0
306,15,12.74,0,0,0,0
306,16,12.86,0,0,0,0
306,17,12.6,0,0,0,0
306,18,10.88,0,0,0,0
306,19,11.68,0,0,0,0
306,20,12.46,0,0,0,0
306,21,12.62,0,0,0,0
306,22,11.64,1,0,0,1
306,23,11.66,1,0,0,1
306,24,11.74,1,0,0,1
306,25,11.62,0,1,0,1
306,26,10.86,0,1,0,1
306,27,13.22,0,1,0,1
306,28,10.3,0,1,0,1
306,29,11,0,0,1,1
306,30,11.22,0,0,1,1
306,31,9.3800001,0,0,1,1
306,32,9.46,0,0,1,1
306,33,8.5200005,0,0,1,1
306,34,8.6999998,0,0,1,1
306,35,8.8800001,0,0,1,1
306,36,11.08,0,0,1,1
307,-15,11.7,0,0,0,0
307,-14,12,0,0,0,0
307,-13,11.9,0,0,0,0
307,-12,10.6,0,0,0,0
307,-11,11.8,0,0,0,0
307,-10,,0,0,0,0
307,-9,12.2,0,0,0,0
307,-8,12.4,0,0,0,0
307,-7,11.9,0,0,0,0
307,-6,13,0,0,0,0
307,-5,11.7,0,0,0,0
307,-4,12,0,0,0,0
307,-3,12.1,0,0,0,0
307,-2,10.7,0,0,0,0
307,-1,11.2,0,0,0,0
307,0,10.5,0,0,0,0
307,1,12.2,0,0,0,0
307,2,14.68,0,0,0,0
307,3,12.42,0,0,0,0
307,4,9.54,0,0,0,0
307,5,10.76,0,0,0,0
307,6,10.52,0,0,0,0
307,7,10.7,1,0,0,1
307,8,9.1599998,1,0,0,1
307,9,10.36,0,1,0,1
307,10,9.3199997,0,1,0,1
307,11,11.94,0,1,0,1
307,12,11.14,0,1,0,1
307,13,9.8000002,0,1,0,1
307,14,9.2600002,0,0,1,1
307,15,11.4,0,0,1,1
307,16,11.08,0,0,1,1
307,17,11.86,0,0,1,1
307,18,11.12,0,0,1,1
307,19,10.4,0,0,1,1
307,20,11.78,0,0,1,1
307,21,11.84,0,0,1,1
307,22,10.48,0,0,1,1
307,23,11.08,0,0,1,1
307,24,10.38,0,0,1,1
307,25,10.32,0,0,1,1
307,26,10.4,0,0,1,1
307,27,11.56,0,0,1,1
307,28,10.74,0,0,1,1
307,29,10.9,0,0,1,1
307,30,10.7,0,0,1,1
307,31,9.46,0,0,1,1
307,32,9.3400002,0,0,1,1
307,33,9.6199999,0,0,1,1
307,34,8.9799995,0,0,1,1
307,35,9.7200003,0,0,1,1
307,36,10.88,0,0,1,1
308,-15,12.2,0,0,0,0
308,-14,12.6,0,0,0,0
308,-13,11.7,0,0,0,0
308,-12,12.4,0,0,0,0
308,-11,12.1,0,0,0,0
308,-10,12.3,0,0,0,0
308,-9,12.4,0,0,0,0
308,-8,12.2,0,0,0,0
308,-7,12.3,0,0,0,0
308,-6,12.3,0,0,0,0
308,-5,12.4,0,0,0,0
308,-4,11.4,0,0,0,0
308,-3,13.2,0,0,0,0
308,-2,11.2,0,0,0,0
308,-1,11.8,0,0,0,0
308,0,11.1,0,0,0,0
308,1,12.4,0,0,0,0
308,2,14.64,0,0,0,0
308,3,12.14,0,0,0,0
308,4,11.62,0,0,0,0
308,5,11.46,0,0,0,0
308,6,11.22,0,0,0,0
308,7,11.6,0,0,0,0
308,8,10.86,0,0,0,0
308,9,12.06,0,0,0,0
308,10,11.08,0,0,0,0
308,11,12.72,0,0,0,0
308,12,12.7,0,0,0,0
308,13,12.06,0,0,0,0
308,14,10.36,1,0,0,1
308,15,11.9,1,0,0,1
308,16,11.78,1,0,0,1
308,17,11.32,0,1,0,1
308,18,9.6599998,0,1,0,1
308,19,10.18,0,1,0,1
308,20,10.42,0,1,0,1
308,21,10.84,0,0,1,1
308,22,11,0,0,1,1
308,23,10.5,0,0,1,1
308,24,10.26,0,0,1,1
308,25,10.32,0,0,1,1
308,26,9.7600002,0,0,1,1
308,27,10.38,0,0,1,1
308,28,10.16,0,0,1,1
308,29,10.52,0,0,1,1
308,30,9.9200001,0,0,1,1
308,31,9.1000004,0,0,1,1
308,32,10.1,0,0,1,1
308,33,10.36,0,0,1,1
308,34,9.3999996,0,0,1,1
308,35,9.5200005,0,0,1,1
308,36,10.1,0,0,1,1
309,-15,12.4,0,0,0,0
309,-14,12.1,0,0,0,0
309,-13,12.9,0,0,0,0
309,-12,11.8,0,0,0,0
309,-11,12.3,0,0,0,0
309,-10,12.4,0,0,0,0
309,-9,12.6,0,0,0,0
309,-8,12.5,0,0,0,0
309,-7,12.1,0,0,0,0
309,-6,12.1,0,0,0,0
309,-5,12,0,0,0,0
309,-4,11.7,0,0,0,0
309,-3,10.7,0,0,0,0
309,-2,11.6,0,0,0,0
309,-1,10.9,0,0,0,0
309,0,11.9,0,0,0,0
309,1,12.2,1,0,0,1
309,2,13.1,1,0,0,1
309,3,9.8999996,0,1,0,1
309,4,9,0,1,0,1
309,5,8.1999998,0,1,0,1
309,6,9.5799999,0,1,0,1
309,7,8.7200003,0,1,0,1
309,8,8.9799995,0,1,0,1
309,9,8.8800001,0,0,1,1
309,10,8.5600004,0,0,1,1
309,11,10.14,0,0,1,1
309,12,9.6599998,0,0,1,1
309,13,8.4200001,0,0,1,1
309,14,8.2200003,0,0,1,1
309,15,9.8999996,0,0,1,1
309,16,14.42,0,0,1,1
309,17,10.34,0,0,1,1
309,18,9.2600002,0,0,1,1
309,19,10.32,0,0,1,1
309,20,10.4,0,0,1,1
309,21,9.2200003,0,0,1,1
309,22,10.74,0,0,1,1
309,23,9.7799997,0,0,1,1
309,24,10.1,0,0,1,1
309,25,8.8199997,0,0,1,1
309,26,9.04,0,0,1,1
309,27,8.6999998,0,0,1,1
309,28,9.7200003,0,0,1,1
309,29,8.8800001,0,0,1,1
309,30,10.12,0,0,1,1
309,31,8.3800001,0,0,1,1
309,32,8.7200003,0,0,1,1
309,33,8.9799995,0,0,1,1
309,34,8.9799995,0,0,1,1
309,35,8.96,0,0,1,1
309,36,8.8400002,0,0,1,1
310,-15,14.4,0,0,0,0
310,-14,10.5,0,0,0,0
310,-13,11.9,0,0,0,0
310,-12,10.8,0,0,0,0
310,-11,11,0,0,0,0
310,-10,11.3,0,0,0,0
310,-9,11.3,0,0,0,0
310,-8,11.4,0,0,0,0
310,-7,11.7,0,0,0,0
310,-6,11.4,0,0,0,0
310,-5,10.5,0,0,0,0
310,-4,11.8,0,0,0,0
310,-3,5.4000001,0,0,0,0
310,-2,10.8,0,0,0,0
310,-1,10.9,0,0,0,0
310,0,10.9,0,0,0,0
310,1,11.8,0,0,0,0
310,2,14.3,0,0,0,0
310,3,11.12,0,0,0,0
310,4,10.18,0,0,0,0
310,5,9.9799995,0,0,0,0
310,6,10.06,0,0,0,0
310,7,9.7799997,0,0,0,0
310,8,10.06,0,0,0,0
310,9,11.62,0,0,0,0
310,10,10,1,0,0,1
310,11,12.24,1,0,0,1
310,12,10.86,1,0,0,1
310,13,9.5799999,0,1,0,1
310,14,8.1400003,0,1,0,1
310,15,10.18,0,1,0,1
310,16,10.82,0,1,0,1
310,17,9.46,0,0,1,1
310,18,9.3199997,0,0,1,1
310,19,8.1599998,0,0,1,1
310,20,9.1999998,0,0,1,1
310,21,9.96,0,0,1,1
310,22,10.02,0,0,1,1
310,23,10,0,0,1,1
310,24,9.7799997,0,0,1,1
310,25,9.4200001,0,0,1,1
310,26,9.6000004,0,0,1,1
310,27,9.6999998,0,0,1,1
310,28,9.7799997,0,0,1,1
310,29,8.9799995,0,0,1,1
310,30,10.74,0,0,1,1
310,31,9.3999996,0,0,1,1
310,32,10.46,0,0,1,1
310,33,9.8000002,0,0,1,1
310,34,9.2799997,0,0,1,1
310,35,9.96,0,0,1,1
310,36,10.54,0,0,1,1
311,-15,9.8000002,0,0,0,0
311,-14,9.3000002,0,0,0,0
311,-13,10.3,0,0,0,0
311,-12,10.1,0,0,0,0
311,-11,9.3999996,0,0,0,0
311,-10,9.5,0,0,0,0
311,-9,9.6000004,0,0,0,0
311,-8,9.8000002,0,0,0,0
311,-7,10.8,0,0,0,0
311,-6,9.8000002,0,0,0,0
311,-5,9.3999996,0,0,0,0
311,-4,10.5,0,0,0,0
311,-3,10.7,0,0,0,0
311,-2,9.8000002,0,0,0,0
311,-1,9,0,0,0,0
311,0,9.6999998,0,0,0,0
311,1,9.5,0,0,0,0
311,2,12.66,0,0,0,0
311,3,7.7600002,0,0,0,0
311,4,8.04,0,0,0,0
311,5,8.6400003,0,0,0,0
311,6,9.6400003,0,0,0,0
311,7,8.8000002,1,0,0,1
311,8,9.2200003,1,0,0,1
311,9,8.46,0,1,0,1
311,10,7.7800002,0,1,0,1
311,11,10.44,0,1,0,1
311,12,9.1199999,0,1,0,1
311,13,7.3600001,0,1,0,1
311,14,7.7399998,0,0,1,1
311,15,9.1400003,0,0,1,1
311,16,9.3599997,0,0,1,1
311,17,8.8599997,0,0,1,1
311,18,8.2600002,0,0,1,1
311,19,7.1999998,0,0,1,1
311,20,9.7600002,0,0,1,1
311,21,9.54,0,0,1,1
311,22,7.98,0,0,1,1
311,23,7.8200002,0,0,1,1
311,24,9.2200003,0,0,1,1
311,25,8.2399998,0,0,1,1
311,26,8.2399998,0,0,1,1
311,27,7.9000001,0,0,1,1
311,28,8.8000002,0,0,1,1
311,29,8.1199999,0,0,1,1
311,30,8.9200001,0,0,1,1
311,31,7.2800002,0,0,1,1
311,32,7.6599998,0,0,1,1
311,33,7.8000002,0,0,1,1
311,34,8.1000004,0,0,1,1
311,35,8.3800001,0,0,1,1
311,36,9.2600002,0,0,1,1
312,-15,11.2,0,0,0,0
312,-14,10.5,0,0,0,0
312,-13,11.1,0,0,0,0
312,-12,10.7,0,0,0,0
312,-11,10.3,0,0,0,0
312,-10,10.6,0,0,0,0
312,-9,10.5,0,0,0,0
312,-8,11.1,0,0,0,0
312,-7,10.8,0,0,0,0
312,-6,10.6,0,0,0,0
312,-5,9.8000002,0,0,0,0
312,-4,10.6,0,0,0,0
312,-3,10,0,0,0,0
312,-2,10.2,0,0,0,0
312,-1,10.5,0,0,0,0
312,0,10.4,0,0,0,0
312,1,10.5,0,0,0,0
312,2,13.32,0,0,0,0
312,3,10.18,0,0,0,0
312,4,9.9399996,0,0,0,0
312,5,9.46,0,0,0,0
312,6,9.3400002,0,0,0,0
312,7,9.3400002,0,0,0,0
312,8,9.46,0,0,0,0
312,9,10,0,0,0,0
312,10,10.34,1,0,0,1
312,11,11.56,1,0,0,1
312,12,9.6599998,1,0,0,1
312,13,8.4399996,0,1,0,1
312,14,8.4799995,0,1,0,1
312,15,10.04,0,1,0,1
312,16,10.14,0,1,0,1
312,17,9.8000002,0,0,1,1
312,18,9.0600004,0,0,1,1
312,19,7.48,0,0,1,1
312,20,10.64,0,0,1,1
312,21,9.4200001,0,0,1,1
312,22,9.6599998,0,0,1,1
312,23,8.8400002,0,0,1,1
312,24,10.06,0,0,1,1
312,25,9.46,0,0,1,1
312,26,9.0200005,0,0,1,1
312,27,9.2600002,0,0,1,1
312,28,8.8599997,0,0,1,1
312,29,9.5,0,0,1,1
312,30,9.46,0,0,1,1
312,31,8.54,0,0,1,1
312,32,8.5600004,0,0,1,1
312,33,8.6199999,0,0,1,1
312,34,8.3800001,0,0,1,1
312,35,8.9200001,0,0,1,1
312,36,9.4399996,0,0,1,1
313,-15,8.8999996,0,0,0,0
313,-14,10.3,0,0,0,0
313,-13,9,0,0,0,0
313,-12,9,0,0,0,0
313,-11,9.1000004,0,0,0,0
313,-10,9.5,0,0,0,0
313,-9,8.8000002,0,0,0,0
313,-8,10,0,0,0,0
313,-7,10.8,0,0,0,0
313,-6,9.5,0,0,0,0
313,-5,8.6999998,0,0,0,0
313,-4,9.3999996,0,0,0,0
313,-3,8.5,0,0,0,0
313,-2,9.5,0,0,0,0
313,-1,9.1000004,0,0,0,0
313,0,9.6000004,0,0,0,0
313,1,9.3999996,0,0,0,0
313,2,11.82,0,0,0,0
313,3,9.3800001,0,0,0,0
313,4,9.3800001,0,0,0,0
313,5,8.6999998,0,0,0,0
313,6,8.9799995,0,0,0,0
313,7,8.8599997,0,0,0,0
313,8,8.3599997,0,0,0,0
313,9,9.04,0,0,0,0
313,10,9.4200001,0,0,0,0
313,11,10.16,0,0,0,0
313,12,9.4200001,0,0,0,0
313,13,8.9799995,0,0,0,0
313,14,8.5,0,0,0,0
313,15,9.6199999,0,0,0,0
313,16,9.8999996,0,0,0,0
313,17,9.7200003,0,0,0,0
313,18,8.0200005,1,0,0,1
313,19,8.1000004,1,0,0,1
313,20,9.46,1,0,0,1
313,21,8.6199999,0,1,0,1
313,22,8.1599998,0,1,0,1
313,23,7.48,0,1,0,1
313,24,8.3599997,0,1,0,1
313,25,7.52,0,0,1,1
313,26,7.6199999,0,0,1,1
313,27,7.5,0,0,1,1
313,28,8.2600002,0,0,1,1
313,29,8.1999998,0,0,1,1
313,30,9.5,0,0,1,1
313,31,7.3600001,0,0,1,1
313,32,7.48,0,0,1,1
313,33,7.3800001,0,0,1,1
313,34,7.0999999,0,0,1,1
313,35,6.8200002,0,0,1,1
313,36,8.1400003,0,0,1,1
401,-15,10.9,0,0,0,0
401,-14,10.3,0,0,0,0
401,-13,11,0,0,0,0
401,-12,10.9,0,0,0,0
401,-11,11.6,0,0,0,0
401,-10,10.3,0,0,0,0
401,-9,11.2,0,0,0,0
401,-8,10.2,0,0,0,0
401,-7,11.3,0,0,0,0
401,-6,9.6999998,0,0,0,0
401,-5,9.6000004,1,0,0,1
401,-4,8.5,1,0,0,1
401,-3,9.3000002,0,1,0,1
401,-2,8.6000004,0,1,0,1
401,-1,7.5,0,1,0,1
401,0,8.1000004,0,1,0,1
401,1,8.54,0,1,0,1
401,2,8.8400002,0,1,0,1
401,3,9.6999998,0,0,1,1
401,4,8.3599997,0,0,1,1
401,5,8.8999996,0,0,1,1
401,6,8.5200005,0,0,1,1
401,7,8.8999996,0,0,1,1
401,8,7.9000001,0,0,1,1
401,9,9.3400002,0,0,1,1
401,10,8.8199997,0,0,1,1
401,11,9.7600002,0,0,1,1
401,12,9.0200005,0,0,1,1
401,13,8.9200001,0,0,1,1
401,14,8.2399998,0,0,1,1
401,15,9.96,0,0,1,1
401,16,10.04,0,0,1,1
401,17,9.4799995,0,0,1,1
401,18,8.2399998,0,0,1,1
401,19,8.54,0,0,1,1
401,20,10.38,0,0,1,1
401,21,8.7200003,0,0,1,1
401,22,8.7799997,0,0,1,1
401,23,9.8800001,0,0,1,1
401,24,9.8199997,0,0,1,1
401,25,9.7600002,0,0,1,1
401,26,9.6800003,0,0,1,1
401,27,11.16,0,0,1,1
401,28,9.4200001,0,0,1,1
401,29,11.46,0,0,1,1
401,30,9.5600004,0,0,1,1
401,31,8.3599997,0,0,1,1
401,32,9.2799997,0,0,1,1
401,33,8.3800001,0,0,1,1
401,34,7.7600002,0,0,1,1
401,35,8.3800001,0,0,1,1
401,36,9.3999996,0,0,1,1
402,-15,11,0,0,0,0
402,-14,10.6,0,0,0,0
402,-13,9.5,0,0,0,0
402,-12,9.6999998,0,0,0,0
402,-11,9.6000004,0,0,0,0
402,-10,9.5,0,0,0,0
402,-9,11.8,0,0,0,0
402,-8,10.3,0,0,0,0
402,-7,10.2,0,0,0,0
402,-6,9.3999996,0,0,0,0
402,-5,10.1,0,0,0,0
402,-4,10,0,0,0,0
402,-3,8.3999996,0,0,0,0
402,-2,9.6000004,0,0,0,0
402,-1,11.1,0,0,0,0
402,0,7.0999999,0,0,0,0
402,1,9.6999998,0,0,0,0
402,2,9.3999996,0,0,0,0
402,3,9.1400003,0,0,0,0
402,4,10.3,0,0,0,0
402,5,8.5200005,0,0,0,0
402,6,8.8400002,0,0,0,0
402,7,9.9799995,0,0,0,0
402,8,9.1800003,0,0,0,0
402,9,9.2600002,0,0,0,0
402,10,9.6199999,0,0,0,0
402,11,9.8199997,0,0,0,0
402,12,10.14,0,0,0,0
402,13,8.6599998,0,0,0,0
402,14,9.0799999,0,0,0,0
402,15,9.9200001,0,0,0,0
402,16,10.78,0,0,0,0
402,17,9.6999998,0,0,0,0
402,18,9.6800003,0,0,0,0
402,19,8.8599997,0,0,0,0
402,20,10.98,0,0,0,0
402,21,8.9200001,0,0,0,0
402,22,8.8800001,1,0,0,1
402,23,9.6000004,1,0,0,1
402,24,8.5200005,1,0,0,1
402,25,7.8400002,0,1,0,1
402,26,8.3800001,0,1,0,1
402,27,9.2399998,0,1,0,1
402,28,7.7199998,0,1,0,1
402,29,8.0200005,0,0,1,1
402,30,7.4400001,0,0,1,1
402,31,6.8800001,0,0,1,1
402,32,6.96,0,0,1,1
402,33,6.04,0,0,1,1
402,34,7.2600002,0,0,1,1
402,35,,0,0,1,1
402,36,,0,0,1,1
403,-15,11,0,0,0,0
403,-14,10.8,0,0,0,0
403,-13,10.2,0,0,0,0
403,-11,10.8,0,0,0,0
403,-10,10.6,0,0,0,0
403,-9,9.8999996,0,0,0,0
403,-8,10.4,0,0,0,0
403,-7,10.5,0,0,0,0
403,-6,9.8999996,0,0,0,0
403,-5,9.5,0,0,0,0
403,-4,10.2,0,0,0,0
403,-3,10.2,0,0,0,0
403,-2,9.8000002,0,0,0,0
403,-1,9.8999996,0,0,0,0
403,0,7.5999999,0,0,0,0
403,1,13,0,0,0,0
403,2,10.38,0,0,0,0
403,3,9.8800001,0,0,0,0
403,4,9.9399996,0,0,0,0
403,5,11.04,0,0,0,0
403,6,9.2399998,0,0,0,0
403,7,11.28,0,0,0,0
403,8,8.9799995,0,0,0,0
403,9,9.5600004,0,0,0,0
403,10,9.7200003,1,0,0,1
403,11,10.92,1,0,0,1
403,12,9.1999998,1,0,0,1
403,13,9.1199999,0,1,0,1
403,14,8.1000004,0,1,0,1
403,15,10.62,0,1,0,1
403,16,10.58,0,1,0,1
403,17,10.08,0,0,1,1
403,18,5.8200002,0,0,1,1
403,19,9.46,0,0,1,1
403,20,9.4200001,0,0,1,1
403,21,9.2799997,0,0,1,1
403,22,8.4799995,0,0,1,1
403,23,9.6599998,0,0,1,1
403,24,8.3199997,0,0,1,1
403,25,9.1800003,0,0,1,1
403,26,9.1000004,0,0,1,1
403,27,9.5799999,0,0,1,1
403,28,9.3199997,0,0,1,1
403,29,9.2799997,0,0,1,1
403,30,9.1999998,0,0,1,1
403,31,9.3400002,0,0,1,1
403,32,8.5600004,0,0,1,1
403,33,9.8199997,0,0,1,1
403,34,7.3400002,0,0,1,1
403,35,8.4200001,0,0,1,1
403,36,9.3000002,0,0,1,1
404,-15,8.6000004,0,0,0,0
404,-14,7.3000002,0,0,0,0
404,-13,6.5999999,0,0,0,0
404,-12,9.1000004,0,0,0,0
404,-11,7.5,0,0,0,0
404,-10,10,0,0,0,0
404,-9,7.1999998,0,0,0,0
404,-8,8.1000004,0,0,0,0
404,-7,8,0,0,0,0
404,-6,8,0,0,0,0
404,-5,7.5,0,0,0,0
404,-4,8,0,0,0,0
404,-3,7.0999999,0,0,0,0
404,-2,7.6999998,0,0,0,0
404,-1,9.3000002,0,0,0,0
404,0,7.3000002,0,0,0,0
404,2,7.8400002,0,0,0,0
404,3,7.8200002,0,0,0,0
404,4,9.5200005,0,0,0,0
404,5,7.1799998,0,0,0,0
404,6,7.1999998,0,0,0,0
404,7,7,1,0,0,1
404,8,6.8000002,1,0,0,1
404,9,7.1999998,0,1,0,1
404,10,6.8400002,0,1,0,1
404,11,8.0799999,0,1,0,1
404,12,7.46,0,1,0,1
404,13,6.8800001,0,1,0,1
404,14,6.98,0,0,1,1
404,15,7.4200001,0,0,1,1
404,16,8.2399998,0,0,1,1
404,17,6.4200001,0,0,1,1
404,18,6.3600001,0,0,1,1
404,19,7.0599999,0,0,1,1
404,20,9.1000004,0,0,1,1
404,21,6.2199998,0,0,1,1
404,22,7.9400001,0,0,1,1
404,23,6.8200002,0,0,1,1
404,24,6.96,0,0,1,1
404,25,6.4200001,0,0,1,1
404,26,5.8400002,0,0,1,1
404,27,7.1999998,0,0,1,1
404,28,7,0,0,1,1
404,29,7.1799998,0,0,1,1
404,30,7.7800002,0,0,1,1
404,31,5.96,0,0,1,1
404,32,6.3000002,0,0,1,1
404,33,6.52,0,0,1,1
404,34,6.2600002,0,0,1,1
404,35,6.3400002,0,0,1,1
404,36,8.8800001,0,0,1,1
405,-15,10.3,0,0,0,0
405,-14,11.4,0,0,0,0
405,-13,10.5,0,0,0,0
405,-12,10.9,0,0,0,0
405,-11,10.4,0,0,0,0
405,-10,10.8,0,0,0,0
405,-9,11.2,0,0,0,0
405,-8,10.9,0,0,0,0
405,-7,11.2,0,0,0,0
405,-6,10.4,0,0,0,0
405,-5,10.1,0,0,0,0
405,-4,11.3,0,0,0,0
405,-3,9.8000002,0,0,0,0
405,-2,10.6,0,0,0,0
405,-1,8.6999998,0,0,0,0
405,0,8.8000002,0,0,0,0
405,1,10.4,0,0,0,0
405,2,10.54,0,0,0,0
405,3,10.84,0,0,0,0
405,4,9.8999996,0,0,0,0
405,5,9.7799997,0,0,0,0
405,6,9.8400002,0,0,0,0
405,7,7.6399999,0,0,0,0
405,8,9.6800003,0,0,0,0
405,9,10.72,0,0,0,0
405,10,10.08,0,0,0,0
405,11,11.24,0,0,0,0
405,12,10.16,0,0,0,0
405,13,10.84,0,0,0,0
405,14,9.54,0,0,0,0
405,15,11.14,0,0,0,0
405,16,10.96,0,0,0,0
405,17,11.28,0,0,0,0
405,18,9.3599997,0,0,0,0
405,19,10.06,0,0,0,0
405,20,11.34,0,0,0,0
405,21,9.1199999,0,0,0,0
405,22,9.4799995,0,0,0,0
405,23,9.9200001,0,0,0,0
405,24,10.22,0,0,0,0
405,25,9.9200001,0,0,0,0
405,26,11.08,1,0,0,1
405,27,7.8600001,1,0,0,1
405,28,8.7200003,1,0,0,1
405,29,8.4200001,0,1,0,1
405,30,8.2399998,0,1,0,1
405,31,7.7600002,0,1,0,1
405,32,7.8600001,0,1,0,1
405,33,7.9200001,0,0,1,1
405,34,6.9000001,0,0,1,1
405,35,8.0200005,0,0,1,1
405,36,8.6999998,0,0,1,1
406,-15,10.6,0,0,0,0
406,-14,9.6999998,0,0,0,0
406,-13,9.6000004,0,0,0,0
406,-12,13.1,0,0,0,0
406,-11,9.5,0,0,0,0
406,-10,10.6,0,0,0,0
406,-9,9.3000002,0,0,0,0
406,-8,10.8,0,0,0,0
406,-7,9.6999998,0,0,0,0
406,-6,9.3000002,0,0,0,0
406,-5,9.3000002,0,0,0,0
406,-4,9.3000002,0,0,0,0
406,-3,8.6999998,0,0,0,0
406,-2,8.8000002,0,0,0,0
406,-1,8.8999996,0,0,0,0
406,0,7.0999999,0,0,0,0
406,1,8.1599998,0,0,0,0
406,2,9.3400002,0,0,0,0
406,3,8.7799997,0,0,0,0
406,4,8.5,0,0,0,0
406,5,8.1599998,0,0,0,0
406,6,8.2200003,0,0,0,0
406,7,8.3800001,0,0,0,0
406,8,8.0600004,0,0,0,0
406,9,8.2399998,0,0,0,0
406,10,8.46,0,0,0,0
406,11,9.5600004,0,0,0,0
406,12,8.2200003,0,0,0,0
406,13,9.1800003,0,0,0,0
406,14,8.1999998,1,0,0,1
406,15,8.6400003,1,0,0,1
406,16,8.3800001,1,0,0,1
406,17,8.4200001,0,1,0,1
406,18,6.6799998,0,1,0,1
406,19,7.1599998,0,1,0,1
406,20,9.7200003,0,1,0,1
406,21,7.3800001,0,0,1,1
406,22,7.48,0,0,1,1
406,23,7.9200001,0,0,1,1
406,24,7.8400002,0,0,1,1
406,25,7.8200002,0,0,1,1
406,26,7.8200002,0,0,1,1
406,27,8.1599998,0,0,1,1
406,28,7,0,0,1,1
406,29,9.04,0,0,1,1
406,30,7.0999999,0,0,1,1
406,31,6.5999999,0,0,1,1
406,32,6.9200001,0,0,1,1
406,33,6.52,0,0,1,1
406,34,6.6999998,0,0,1,1
406,35,8.0200005,0,0,1,1
406,36,7.0799999,0,0,1,1
407,-15,10,0,0,0,0
407,-14,10.5,0,0,0,0
407,-13,10.1,0,0,0,0
407,-12,12.2,0,0,0,0
407,-11,10.7,0,0,0,0
407,-10,9.6000004,0,0,0,0
407,-9,9.1999998,0,0,0,0
407,-8,10.6,0,0,0,0
407,-7,9.6000004,0,0,0,0
407,-6,10.3,0,0,0,0
407,-5,10.8,0,0,0,0
407,-4,10.6,0,0,0,0
407,-3,9.6000004,0,0,0,0
407,-2,11.2,0,0,0,0
407,-1,,0,0,0,0
407,0,11.6,0,0,0,0
407,1,11.54,0,0,0,0
407,2,10.38,0,0,0,0
407,3,9.9799995,0,0,0,0
407,4,8.9200001,0,0,0,0
407,5,9.6800003,0,0,0,0
407,6,9.8599997,0,0,0,0
407,7,9.04,1,0,0,1
407,8,8.6599998,1,0,0,1
407,9,8.7600002,0,1,0,1
407,10,8.9799995,0,1,0,1
407,11,9.2799997,0,1,0,1
407,12,9.0200005,0,1,0,1
407,13,8.5200005,0,1,0,1
407,14,9.0600004,0,0,1,1
407,15,9.6599998,0,0,1,1
407,16,10,0,0,1,1
407,17,8.54,0,0,1,1
407,18,8.6599998,0,0,1,1
407,19,8.5200005,0,0,1,1
407,20,10.22,0,0,1,1
407,21,8.04,0,0,1,1
407,22,9.3000002,0,0,1,1
407,23,9.3400002,0,0,1,1
407,24,9.3400002,0,0,1,1
407,25,9.9399996,0,0,1,1
407,26,11.44,0,0,1,1
407,27,8.8400002,0,0,1,1
407,28,9.96,0,0,1,1
407,29,9.5200005,0,0,1,1
407,30,9.46,0,0,1,1
407,31,8.6800003,0,0,1,1
407,32,9.3999996,0,0,1,1
407,33,8.3999996,0,0,1,1
407,34,9.1999998,0,0,1,1
407,35,8.3599997,0,0,1,1
407,36,10.38,0,0,1,1
408,-15,9.6999998,0,0,0,0
408,-14,11.2,0,0,0,0
408,-13,10.5,0,0,0,0
408,-12,10.7,0,0,0,0
408,-11,9.6000004,0,0,0,0
408,-10,10.3,0,0,0,0
408,-9,9.8999996,0,0,0,0
408,-8,10.1,0,0,0,0
408,-7,10.2,0,0,0,0
408,-6,9.5,0,0,0,0
408,-5,9.6000004,0,0,0,0
408,-4,9.5,0,0,0,0
408,-3,9.1000004,0,0,0,0
408,-2,9.8000002,0,0,0,0
408,-1,9,0,0,0,0
408,0,8.6000004,0,0,0,0
408,1,9.3199997,0,0,0,0
408,2,10.94,0,0,0,0
408,3,9.2600002,0,0,0,0
408,4,9.8599997,0,0,0,0
408,5,8.1800003,0,0,0,0
408,6,10.12,0,0,0,0
408,7,8.4399996,0,0,0,0
408,8,9.1000004,0,0,0,0
408,9,9.46,0,0,0,0
408,10,9.8999996,0,0,0,0
408,11,10.02,0,0,0,0
408,12,10.42,0,0,0,0
408,13,9.1599998,0,0,0,0
408,14,9.5200005,0,0,0,0
408,15,10.12,0,0,0,0
408,16,11.48,0,0,0,0
408,17,9.6999998,0,0,0,0
408,18,8.6999998,1,0,0,1
408,19,9.0200005,1,0,0,1
408,20,10.94,1,0,0,1
408,21,8.0600004,0,1,0,1
408,22,8.8199997,0,1,0,1
408,23,9.0799999,0,1,0,1
408,24,9.5,0,1,0,1
408,25,8.0600004,0,0,1,1
408,26,7.9200001,0,0,1,1
408,27,8.9799995,0,0,1,1
408,28,8.3800001,0,0,1,1
408,29,8.3000002,0,0,1,1
408,30,7.7399998,0,0,1,1
408,31,6.7800002,0,0,1,1
408,32,8.3400002,0,0,1,1
408,33,8.1599998,0,0,1,1
408,34,7.1399999,0,0,1,1
408,35,7.9400001,0,0,1,1
408,36,8.9200001,0,0,1,1
409,-15,11.5,0,0,0,0
409,-14,10.6,0,0,0,0
409,-13,9.6000004,0,0,0,0
409,-12,10.1,0,0,0,0
409,-11,10,0,0,0,0
409,-10,9.8000002,0,0,0,0
409,-9,10.6,0,0,0,0
409,-8,10.5,0,0,0,0
409,-7,10.5,0,0,0,0
409,-6,10.5,0,0,0,0
409,-5,10,0,0,0,0
409,-4,10.8,0,0,0,0
409,-3,9.5,0,0,0,0
409,-2,9.3999996,0,0,0,0
409,-1,9.3000002,0,0,0,0
409,0,10.6,0,0,0,0
409,1,9.4799995,0,0,0,0
409,2,10.74,0,0,0,0
409,3,6.9000001,0,0,0,0
409,4,10.4,0,0,0,0
409,5,8.2799997,0,0,0,0
409,6,9.4200001,0,0,0,0
409,7,9.2799997,0,0,0,0
409,8,9.7200003,0,0,0,0
409,9,10.1,0,0,0,0
409,10,9.54,1,0,0,1
409,11,12.08,1,0,0,1
409,12,9.1199999,1,0,0,1
409,13,9.54,0,1,0,1
409,14,9.1400003,0,1,0,1
409,15,9.3599997,0,1,0,1
409,16,9.54,0,1,0,1
409,17,8.6800003,0,0,1,1
409,18,8.8400002,0,0,1,1
409,19,8.3999996,0,0,1,1
409,20,9.7200003,0,0,1,1
409,21,8.8000002,0,0,1,1
409,22,8.96,0,0,1,1
409,23,8.2200003,0,0,1,1
409,24,9.1199999,0,0,1,1
409,25,8.8000002,0,0,1,1
409,26,9.3999996,0,0,1,1
409,27,9.8599997,0,0,1,1
409,28,9.1000004,0,0,1,1
409,29,9,0,0,1,1
409,30,9.3800001,0,0,1,1
409,31,7.8800001,0,0,1,1
409,32,8.4399996,0,0,1,1
409,33,9.3000002,0,0,1,1
409,34,8.5,0,0,1,1
409,35,8.6000004,0,0,1,1
409,36,8.9399996,0,0,1,1
410,-15,11.4,0,0,0,0
410,-14,10.1,0,0,0,0
410,-13,10.2,0,0,0,0
410,-12,10.3,0,0,0,0
410,-11,10.6,0,0,0,0
410,-10,10.9,0,0,0,0
410,-9,11.5,0,0,0,0
410,-8,11.6,0,0,0,0
410,-7,10.6,0,0,0,0
410,-6,14.2,0,0,0,0
410,-5,9.6999998,0,0,0,0
410,-4,9,0,0,0,0
410,-3,10.7,0,0,0,0
410,-2,9,0,0,0,0
410,-1,10.3,0,0,0,0
410,0,10.8,0,0,0,0
410,1,10.14,1,0,0,1
410,2,9.0600004,1,0,0,1
410,3,9.3599997,0,1,0,1
410,4,8.4799995,0,1,0,1
410,5,8.1400003,0,1,0,1
410,6,7.6399999,0,1,0,1
410,7,7.8800001,0,1,0,1
410,8,7.1799998,0,1,0,1
410,9,8.8999996,0,0,1,1
410,10,7.6399999,0,0,1,1
410,11,9.4399996,0,0,1,1
410,12,8.7399998,0,0,1,1
410,13,8.5200005,0,0,1,1
410,14,7.8800001,0,0,1,1
410,15,9.5200005,0,0,1,1
410,16,9.0200005,0,0,1,1
410,17,9.4200001,0,0,1,1
410,18,7.8200002,0,0,1,1
410,19,9.1000004,0,0,1,1
410,20,10.2,0,0,1,1
410,21,7.98,0,0,1,1
410,22,9.5799999,0,0,1,1
410,23,8.5799999,0,0,1,1
410,24,9.2200003,0,0,1,1
410,25,8.8199997,0,0,1,1
410,26,8.8599997,0,0,1,1
410,27,8.3400002,0,0,1,1
410,28,9.2399998,0,0,1,1
410,29,10.16,0,0,1,1
410,30,8.6000004,0,0,1,1
410,31,8.4200001,0,0,1,1
410,32,8.3199997,0,0,1,1
410,33,9.3000002,0,0,1,1
410,34,8.1800003,0,0,1,1
410,35,8.5,0,0,1,1
410,36,8.6999998,0,0,1,1
411,-15,9.1999998,0,0,0,0
411,-14,9.6000004,0,0,0,0
411,-13,10,0,0,0,0
411,-12,10.2,0,0,0,0
411,-11,9.6000004,0,0,0,0
411,-10,9.1999998,0,0,0,0
411,-9,10.5,0,0,0,0
411,-8,10.2,0,0,0,0
411,-7,9.3999996,0,0,0,0
411,-6,11.1,0,0,0,0
411,-5,9.5,0,0,0,0
411,-4,9.8000002,0,0,0,0
411,-3,8.3999996,0,0,0,0
411,-2,9.6000004,0,0,0,0
411,-1,9,0,0,0,0
411,0,10.5,0,0,0,0
411,1,9.5799999,0,0,0,0
411,2,10,0,0,0,0
411,3,10.5,0,0,0,0
411,4,9.54,0,0,0,0
411,5,9,0,0,0,0
411,6,8.7200003,0,0,0,0
411,7,9,0,0,0,0
411,8,9.3199997,0,0,0,0
411,9,8.8999996,0,0,0,0
411,10,9.4200001,0,0,0,0
411,11,10.06,0,0,0,0
411,12,9.5,0,0,0,0
411,13,8.9399996,0,0,0,0
411,14,8.3800001,1,0,0,1
411,15,9.3199997,1,0,0,1
411,16,9.8999996,1,0,0,1
411,17,8.5200005,0,1,0,1
411,18,8.2399998,0,1,0,1
411,19,8.4799995,0,1,0,1
411,20,9.6800003,0,1,0,1
411,21,8.04,0,0,1,1
411,22,8.0799999,0,0,1,1
411,23,8.6199999,0,0,1,1
411,24,9.1599998,0,0,1,1
411,25,9.2399998,0,0,1,1
411,26,9.5200005,0,0,1,1
411,27,9.0799999,0,0,1,1
411,28,8.8000002,0,0,1,1
411,29,9.0600004,0,0,1,1
411,30,8.4200001,0,0,1,1
411,31,8.0200005,0,0,1,1
411,32,8.6199999,0,0,1,1
411,33,7.5999999,0,0,1,1
411,34,7.7199998,0,0,1,1
411,35,8.1999998,0,0,1,1
411,36,8.6400003,0,0,1,1
412,-15,9.1000004,0,0,0,0
412,-14,8.5,0,0,0,0
412,-13,8.8000002,0,0,0,0
412,-12,8.3000002,0,0,0,0
412,-11,9,0,0,0,0
412,-10,8.5,0,0,0,0
412,-9,8.6999998,0,0,0,0
412,-8,8.8000002,0,0,0,0
412,-7,9.1999998,0,0,0,0
412,-6,8.3000002,0,0,0,0
412,-5,8.1000004,0,0,0,0
412,-4,8.1999998,0,0,0,0
412,-3,8,0,0,0,0
412,-2,8.3000002,0,0,0,0
412,-1,8.5,0,0,0,0
412,0,,0,0,0,0
412,1,6.7600002,0,0,0,0
412,2,9.5799999,0,0,0,0
412,3,8.5600004,0,0,0,0
412,4,7.6999998,0,0,0,0
412,5,8.0799999,0,0,0,0
412,6,7.1799998,0,0,0,0
412,7,8.5600004,0,0,0,0
412,8,7.4400001,0,0,0,0
412,9,8.8199997,0,0,0,0
412,10,7.8600001,0,0,0,0
412,11,9.54,0,0,0,0
412,12,8.3199997,0,0,0,0
412,13,7.9200001,0,0,0,0
412,14,7.5599999,0,0,0,0
412,15,9.1800003,0,0,0,0
412,16,8.5200005,0,0,0,0
412,17,9.1400003,0,0,0,0
412,18,9.9399996,1,0,0,1
412,19,7.4000001,1,0,0,1
412,20,7.7399998,1,0,0,1
412,21,6.96,0,1,0,1
412,22,7.7199998,0,1,0,1
412,23,7.8600001,0,1,0,1
412,24,7.0599999,0,1,0,1
412,25,7.0599999,0,0,1,1
412,26,6.7600002,0,0,1,1
412,27,7.4000001,0,0,1,1
412,28,6.52,0,0,1,1
412,29,7.6999998,0,0,1,1
412,30,7.0799999,0,0,1,1
412,31,6.52,0,0,1,1
412,32,7.1399999,0,0,1,1
412,33,6.1599998,0,0,1,1
412,34,6.7399998,0,0,1,1
412,35,7.5599999,0,0,1,1
412,36,7.5999999,0,0,1,1
413,-15,9.8999996,0,0,0,0
413,-14,9.8999996,0,0,0,0
413,-13,10.4,0,0,0,0
413,-12,10.6,0,0,0,0
413,-11,10.3,0,0,0,0
413,-10,10.1,0,0,0,0
413,-9,11.1,0,0,0,0
413,-8,11.1,0,0,0,0
413,-7,11.1,0,0,0,0
413,-6,10.8,0,0,0,0
413,-5,10.1,0,0,0,0
413,-4,10,0,0,0,0
413,-3,9.3999996,0,0,0,0
413,-2,9.5,0,0,0,0
413,-1,8.5,0,0,0,0
413,0,7.0999999,0,0,0,0
413,1,10.86,0,0,0,0
413,2,9.2399998,0,0,0,0
413,3,9.6999998,0,0,0,0
413,4,9.6199999,0,0,0,0
413,5,9.2799997,0,0,0,0
413,6,8.8400002,0,0,0,0
413,7,9.46,0,0,0,0
413,8,8.96,0,0,0,0
413,9,8.9799995,0,0,0,0
413,10,9.3400002,0,0,0,0
413,11,10.76,0,0,0,0
413,12,9.7799997,0,0,0,0
413,13,9.6599998,0,0,0,0
413,14,9.1599998,0,0,0,0
413,15,10.38,0,0,0,0
413,16,10.64,0,0,0,0
413,17,10.32,0,0,0,0
413,18,9.2799997,0,0,0,0
413,19,10.46,0,0,0,0
413,20,10.26,0,0,0,0
413,21,8.3199997,0,0,0,0
413,22,10.4,1,0,0,1
413,23,9.2600002,1,0,0,1
413,24,9.8000002,1,0,0,1
413,25,10.12,0,1,0,1
413,26,8.1199999,0,1,0,1
413,27,8.6999998,0,1,0,1
413,28,8.54,0,1,0,1
413,29,7.98,0,0,1,1
413,30,8.7399998,0,0,1,1
413,31,8,0,0,1,1
413,32,8.8999996,0,0,1,1
413,33,8.1800003,0,0,1,1
413,34,7.0799999,0,0,1,1
413,35,8.04,0,0,1,1
413,36,8.96,0,0,1,1
501,-15,8.3000002,0,0,0,0
501,-14,8.5,0,0,0,0
501,-13,8.8000002,0,0,0,0
501,-12,10.1,0,0,0,0
501,-11,8.8999996,0,0,0,0
501,-10,8.8000002,0,0,0,0
501,-9,8.1000004,0,0,0,0
501,-8,9.3999996,0,0,0,0
501,-7,8.8999996,0,0,0,0
501,-6,8.6999998,0,0,0,0
501,-5,7.5,1,0,0,1
501,-4,7.9000001,1,0,0,1
501,-3,6.6999998,0,1,0,1
501,-2,6.6999998,0,1,0,1
501,-1,5.0999999,0,1,0,1
501,0,5.3000002,0,1,0,1
501,1,8.0799999,0,1,0,1
501,2,7.1599998,0,1,0,1
501,3,6.3200002,0,0,1,1
501,4,6.4200001,0,0,1,1
501,5,6,0,0,1,1
501,6,6.4000001,0,0,1,1
501,7,5.8600001,0,0,1,1
501,8,6.5799999,0,0,1,1
501,9,6.0799999,0,0,1,1
501,10,6.4200001,0,0,1,1
501,11,6.7800002,0,0,1,1
501,12,6.8000002,0,0,1,1
501,13,6.8400002,0,0,1,1
501,14,6.2600002,0,0,1,1
501,15,7.6399999,0,0,1,1
501,16,7.0999999,0,0,1,1
501,17,6.48,0,0,1,1
501,18,6.6399999,0,0,1,1
501,19,7.54,0,0,1,1
501,20,7.5999999,0,0,1,1
501,21,7.52,0,0,1,1
501,22,7.52,0,0,1,1
501,23,7.2399998,0,0,1,1
501,24,7.5799999,0,0,1,1
501,25,4.3000002,0,0,1,1
501,26,7.3000002,0,0,1,1
501,27,6.8400002,0,0,1,1
501,28,7.4000001,0,0,1,1
501,29,8.2200003,0,0,1,1
501,30,7.5599999,0,0,1,1
501,31,5.5999999,0,0,1,1
501,32,6.8000002,0,0,1,1
501,33,6.4000001,0,0,1,1
501,34,7.0799999,0,0,1,1
501,35,6.54,0,0,1,1
501,36,7.0599999,0,0,1,1
502,-15,9.6000004,0,0,0,0
502,-14,9.5,0,0,0,0
502,-13,8.1999998,0,0,0,0
502,-12,9.8000002,0,0,0,0
502,-11,8.6000004,0,0,0,0
502,-10,8.1999998,0,0,0,0
502,-9,9.8999996,0,0,0,0
502,-8,8.6000004,0,0,0,0
502,-7,6.5,0,0,0,0
502,-6,8.6999998,0,0,0,0
502,-5,8.1999998,0,0,0,0
502,-4,6.3000002,0,0,0,0
502,-3,5.6999998,0,0,0,0
502,-2,6.4000001,0,0,0,0
502,-1,9.8999996,0,0,0,0
502,0,4.3000002,0,0,0,0
502,1,9.6800003,0,0,0,0
502,2,7.98,0,0,0,0
502,3,6.1999998,0,0,0,0
502,4,6.2199998,0,0,0,0
502,5,6.1799998,0,0,0,0
502,6,5.7600002,0,0,0,0
502,7,5.9000001,0,0,0,0
502,8,6.48,0,0,0,0
502,9,6,0,0,0,0
502,10,6.0799999,1,0,0,1
502,11,7.2399998,1,0,0,1
502,12,5.8600001,1,0,0,1
502,13,5.9200001,0,1,0,1
502,14,4.8600001,0,1,0,1
502,15,6.5999999,0,1,0,1
502,16,6.1999998,0,1,0,1
502,17,5.7199998,0,0,1,1
502,18,5.0799999,0,0,1,1
502,19,5.8600001,0,0,1,1
502,20,6.1199999,0,0,1,1
502,21,6.7800002,0,0,1,1
502,22,6.5,0,0,1,1
502,23,5.8800001,0,0,1,1
502,24,6.4200001,0,0,1,1
502,25,5.8200002,0,0,1,1
502,26,6.1599998,0,0,1,1
502,27,6.2199998,0,0,1,1
502,28,6.1799998,0,0,1,1
502,29,6.6799998,0,0,1,1
502,30,6.6599998,0,0,1,1
502,31,6.1999998,0,0,1,1
502,32,6.2800002,0,0,1,1
502,33,5.8600001,0,0,1,1
502,34,6.6599998,0,0,1,1
502,35,13.18,0,0,1,1
502,36,,0,0,1,1
503,-15,9.6000004,0,0,0,0
503,-14,8.8000002,0,0,0,0
503,-13,9,0,0,0,0
503,-12,9.8999996,0,0,0,0
503,-11,10.8,0,0,0,0
503,-10,9.3000002,0,0,0,0
503,-9,9.6999998,0,0,0,0
503,-8,10.3,0,0,0,0
503,-7,10.6,0,0,0,0
503,-6,7.9000001,0,0,0,0
503,-5,9.8000002,0,0,0,0
503,-4,10.9,0,0,0,0
503,-3,10,0,0,0,0
503,-2,9,0,0,0,0
503,-1,9.6000004,0,0,0,0
503,0,6.0999999,0,0,0,0
503,1,8.1800003,0,0,0,0
503,2,10.06,0,0,0,0
503,3,9.46,0,0,0,0
503,4,8.6599998,0,0,0,0
503,5,9.2799997,0,0,0,0
503,6,8.4399996,0,0,0,0
503,7,8.8599997,0,0,0,0
503,8,8.6000004,0,0,0,0
503,9,8.46,0,0,0,0
503,10,9.0799999,0,0,0,0
503,11,9.1400003,0,0,0,0
503,12,10.3,0,0,0,0
503,13,9.8599997,0,0,0,0
503,14,8.2200003,0,0,0,0
503,15,10.74,0,0,0,0
503,16,8.8999996,0,0,0,0
503,17,12.38,0,0,0,0
503,18,8.7600002,0,0,0,0
503,19,9.5799999,0,0,0,0
503,20,9.9200001,0,0,0,0
503,21,12,0,0,0,0
503,22,9.54,1,0,0,1
503,23,9.0799999,1,0,0,1
503,24,10.2,1,0,0,1
503,25,9.3199997,0,1,0,1
503,26,9.4799995,0,1,0,1
503,27,9.2200003,0,1,0,1
503,28,8.2799997,0,1,0,1
503,29,10.14,0,0,1,1
503,30,8.4200001,0,0,1,1
503,31,8.1999998,0,0,1,1
503,32,8.1400003,0,0,1,1
503,33,7.6799998,0,0,1,1
503,34,8,0,0,1,1
503,35,7.8400002,0,0,1,1
503,36,8.6800003,0,0,1,1
504,-15,10.3,0,0,0,0
504,-14,8.8000002,0,0,0,0
504,-13,9.6999998,0,0,0,0
504,-12,10.5,0,0,0,0
504,-11,10.9,0,0,0,0
504,-10,10.5,0,0,0,0
504,-9,9.1000004,0,0,0,0
504,-8,9.3999996,0,0,0,0
504,-7,9.5,0,0,0,0
504,-6,10.3,0,0,0,0
504,-5,9.6999998,0,0,0,0
504,-4,9.3000002,0,0,0,0
504,-3,8.5,0,0,0,0
504,-2,9.8999996,0,0,0,0
504,-1,9.3999996,0,0,0,0
504,0,7.3000002,0,0,0,0
504,1,11.08,0,0,0,0
504,2,9.7600002,0,0,0,0
504,3,8.8400002,0,0,0,0
504,4,8.2200003,0,0,0,0
504,5,8.54,0,0,0,0
504,6,7.9200001,0,0,0,0
504,7,8.7600002,0,0,0,0
504,8,8.1199999,0,0,0,0
504,9,8.7399998,0,0,0,0
504,10,8.9200001,0,0,0,0
504,11,10.34,0,0,0,0
504,12,11.64,0,0,0,0
504,13,9.3199997,0,0,0,0
504,14,8,1,0,0,1
504,15,8.8800001,1,0,0,1
504,16,8.8199997,1,0,0,1
504,17,10.76,0,1,0,1
504,18,7.6599998,0,1,0,1
504,19,8.1800003,0,1,0,1
504,20,10.52,0,1,0,1
504,21,8.6599998,0,0,1,1
504,22,8.96,0,0,1,1
504,23,9.3000002,0,0,1,1
504,24,9.8199997,0,0,1,1
504,25,8.6400003,0,0,1,1
504,26,8.6999998,0,0,1,1
504,27,8.2399998,0,0,1,1
504,28,8.7200003,0,0,1,1
504,29,9.4799995,0,0,1,1
504,30,8.6000004,0,0,1,1
504,31,7.1399999,0,0,1,1
504,32,9.1000004,0,0,1,1
504,33,7.6799998,0,0,1,1
504,34,8.1599998,0,0,1,1
504,35,8.4200001,0,0,1,1
504,36,8.3999996,0,0,1,1
505,-15,9.6999998,0,0,0,0
505,-14,9.6000004,0,0,0,0
505,-13,9.1000004,0,0,0,0
505,-12,9.1999998,0,0,0,0
505,-11,9.1000004,0,0,0,0
505,-10,9.1000004,0,0,0,0
505,-9,9.3000002,0,0,0,0
505,-8,9,0,0,0,0
505,-7,8.8999996,0,0,0,0
505,-6,8.6000004,0,0,0,0
505,-5,8.8999996,0,0,0,0
505,-4,9,0,0,0,0
505,-3,7.9000001,0,0,0,0
505,-2,8.5,0,0,0,0
505,-1,9,0,0,0,0
505,0,5.9000001,0,0,0,0
505,2,9.3800001,0,0,0,0
505,3,9.2799997,0,0,0,0
505,4,8.1000004,0,0,0,0
505,5,7.6399999,0,0,0,0
505,6,7.7800002,0,0,0,0
505,7,8.6199999,0,0,0,0
505,8,8.1199999,0,0,0,0
505,9,7.7399998,0,0,0,0
505,10,9.1999998,0,0,0,0
505,11,9.5200005,0,0,0,0
505,12,9.1400003,0,0,0,0
505,13,8.1400003,0,0,0,0
505,14,8.0200005,0,0,0,0
505,15,10.1,0,0,0,0
505,16,11.58,0,0,0,0
505,17,9.2200003,0,0,0,0
505,18,7.54,1,0,0,1
505,19,8.2399998,1,0,0,1
505,20,9.6400003,1,0,0,1
505,21,8.6599998,0,1,0,1
505,22,8.3199997,0,1,0,1
505,23,8.1599998,0,1,0,1
505,24,7.5799999,0,1,0,1
505,25,7.3200002,0,0,1,1
505,26,7.6799998,0,0,1,1
505,27,5.2399998,0,0,1,1
505,28,7.3400002,0,0,1,1
505,29,7.7399998,0,0,1,1
505,30,8.4799995,0,0,1,1
505,31,6.8400002,0,0,1,1
505,32,7.7600002,0,0,1,1
505,33,7.5,0,0,1,1
505,34,7.0999999,0,0,1,1
505,35,7.2399998,0,0,1,1
505,36,7.7800002,0,0,1,1
506,-15,10.1,0,0,0,0
506,-14,11.4,0,0,0,0
506,-13,11.4,0,0,0,0
506,-12,10.7,0,0,0,0
506,-11,11.3,0,0,0,0
506,-10,10.9,0,0,0,0
506,-9,11.1,0,0,0,0
506,-8,10.5,0,0,0,0
506,-7,9.3000002,0,0,0,0
506,-6,9.6999998,0,0,0,0
506,-5,9.6000004,0,0,0,0
506,-4,10,0,0,0,0
506,-3,9,0,0,0,0
506,-2,9.3999996,0,0,0,0
506,-1,8.8999996,0,0,0,0
506,0,6.6999998,0,0,0,0
506,1,11.3,0,0,0,0
506,2,10.14,0,0,0,0
506,3,9.2799997,0,0,0,0
506,4,8.6800003,0,0,0,0
506,5,9.6199999,0,0,0,0
506,6,8.8000002,0,0,0,0
506,7,8.1800003,1,0,0,1
506,8,8.6800003,1,0,0,1
506,9,7.98,0,1,0,1
506,10,7.8000002,0,1,0,1
506,11,9.2799997,0,1,0,1
506,12,8.4200001,0,1,0,1
506,13,7.5799999,0,1,0,1
506,14,7.9000001,0,0,1,1
506,15,9.0200005,0,0,1,1
506,16,8.6599998,0,0,1,1
506,17,5.8800001,0,0,1,1
506,18,8.0200005,0,0,1,1
506,19,8.9799995,0,0,1,1
506,20,9.04,0,0,1,1
506,21,8.2399998,0,0,1,1
506,22,9.8400002,0,0,1,1
506,23,8.7600002,0,0,1,1
506,24,8.9200001,0,0,1,1
506,25,9.4799995,0,0,1,1
506,26,9.0799999,0,0,1,1
506,27,8.8199997,0,0,1,1
506,28,9.1999998,0,0,1,1
506,29,8.3400002,0,0,1,1
506,30,8.5,0,0,1,1
506,31,8.0799999,0,0,1,1
506,32,7.6199999,0,0,1,1
506,33,7.4200001,0,0,1,1
506,34,8.3400002,0,0,1,1
506,35,7.9400001,0,0,1,1
506,36,9.1400003,0,0,1,1
507,-15,9.1000004,0,0,0,0
507,-14,9,0,0,0,0
507,-13,9.8000002,0,0,0,0
507,-12,9.8999996,0,0,0,0
507,-11,11,0,0,0,0
507,-10,9.8000002,0,0,0,0
507,-9,9.8999996,0,0,0,0
507,-8,9.3000002,0,0,0,0
507,-7,9.1999998,0,0,0,0
507,-6,10.7,0,0,0,0
507,-5,9.6999998,0,0,0,0
507,-4,9.1999998,0,0,0,0
507,-3,8.6999998,0,0,0,0
507,-2,10.7,0,0,0,0
507,-1,5.3000002,0,0,0,0
507,0,9.3000002,0,0,0,0
507,1,10.84,0,0,0,0
507,2,11.02,0,0,0,0
507,3,8.6999998,0,0,0,0
507,4,8.6599998,0,0,0,0
507,5,,0,0,0,0
507,6,8.7600002,0,0,0,0
507,7,9.1000004,0,0,0,0
507,8,9.3199997,0,0,0,0
507,9,8.7399998,0,0,0,0
507,10,9.3599997,0,0,0,0
507,11,10.58,0,0,0,0
507,12,10.02,0,0,0,0
507,13,8.9200001,0,0,0,0
507,14,10.6,0,0,0,0
507,15,12.48,0,0,0,0
507,16,11.02,0,0,0,0
507,17,9.7200003,0,0,0,0
507,18,8.8599997,0,0,0,0
507,19,10.1,0,0,0,0
507,20,10.88,0,0,0,0
507,21,10.06,0,0,0,0
507,22,9.0600004,0,0,0,0
507,23,8.9200001,0,0,0,0
507,24,8.8800001,0,0,0,0
507,25,9.6599998,0,0,0,0
507,26,8.5600004,1,0,0,1
507,27,8.8000002,1,0,0,1
507,28,8.9399996,1,0,0,1
507,29,9.96,0,1,0,1
507,30,9.8400002,0,1,0,1
507,31,7.3200002,0,1,0,1
507,32,7.02,0,1,0,1
507,33,6.5999999,0,0,1,1
507,34,7.2399998,0,0,1,1
507,35,7.54,0,0,1,1
507,36,10.44,0,0,1,1
508,-15,8.5,0,0,0,0
508,-14,9.3000002,0,0,0,0
508,-13,9.1999998,0,0,0,0
508,-12,9.3000002,0,0,0,0
508,-11,8.3999996,0,0,0,0
508,-10,9.3000002,0,0,0,0
508,-9,8.8000002,0,0,0,0
508,-8,10,0,0,0,0
508,-7,9.6000004,0,0,0,0
508,-6,10.3,0,0,0,0
508,-5,11.2,0,0,0,0
508,-4,8.8999996,0,0,0,0
508,-3,8.5,0,0,0,0
508,-2,9,0,0,0,0
508,-1,7.9000001,0,0,0,0
508,0,6.6999998,0,0,0,0
508,1,12.4,0,0,0,0
508,2,9.46,0,0,0,0
508,3,8.8199997,0,0,0,0
508,4,8.1000004,0,0,0,0
508,5,7.3800001,0,0,0,0
508,6,8.0600004,0,0,0,0
508,7,9.8000002,1,0,0,1
508,8,6.6199999,1,0,0,1
508,9,7.6599998,0,1,0,1
508,10,7.7600002,0,1,0,1
508,11,7.96,0,1,0,1
508,12,6.9400001,0,1,0,1
508,13,8.1599998,0,1,0,1
508,14,7.0999999,0,0,1,1
508,15,8.3000002,0,0,1,1
508,16,8.1000004,0,0,1,1
508,17,9.2799997,0,0,1,1
508,18,7.2600002,0,0,1,1
508,19,8.5600004,0,0,1,1
508,20,8.1199999,0,0,1,1
508,21,9.0200005,0,0,1,1
508,22,8.3599997,0,0,1,1
508,23,8.4399996,0,0,1,1
508,24,7.98,0,0,1,1
508,25,8.7200003,0,0,1,1
508,26,8.4799995,0,0,1,1
508,27,8.3800001,0,0,1,1
508,28,9,0,0,1,1
508,29,10.2,0,0,1,1
508,30,8.3999996,0,0,1,1
508,31,9.7200003,0,0,1,1
508,32,7.2600002,0,0,1,1
508,33,7.7800002,0,0,1,1
508,34,7.7800002,0,0,1,1
508,35,10.94,0,0,1,1
508,36,8.2200003,0,0,1,1
509,-15,10,0,0,0,0
509,-14,9.1000004,0,0,0,0
509,-13,8.6999998,0,0,0,0
509,-12,9.3000002,0,0,0,0
509,-11,8.8999996,0,0,0,0
509,-10,9.3000002,0,0,0,0
509,-9,9,0,0,0,0
509,-8,11,0,0,0,0
509,-7,10.1,0,0,0,0
509,-6,8.8000002,0,0,0,0
509,-5,7.9000001,0,0,0,0
509,-4,8.6000004,0,0,0,0
509,-3,8.3999996,0,0,0,0
509,-2,9.5,0,0,0,0
509,-1,9.5,0,0,0,0
509,0,5.8000002,0,0,0,0
509,1,11.56,0,0,0,0
509,2,10.82,0,0,0,0
509,3,9.3599997,0,0,0,0
509,4,8.5799999,0,0,0,0
509,5,8.3199997,0,0,0,0
509,6,8.3199997,0,0,0,0
509,7,8.6599998,0,0,0,0
509,8,8.2600002,0,0,0,0
509,9,9.7200003,0,0,0,0
509,10,8.96,1,0,0,1
509,11,9.0200005,1,0,0,1
509,12,8.6000004,1,0,0,1
509,13,7.9200001,0,1,0,1
509,14,7.7399998,0,1,0,1
509,15,9.1400003,0,1,0,1
509,16,8.2200003,0,1,0,1
509,17,8.0799999,0,0,1,1
509,18,7.52,0,0,1,1
509,19,7.54,0,0,1,1
509,20,10.14,0,0,1,1
509,21,7.02,0,0,1,1
509,22,8.8599997,0,0,1,1
509,23,7.54,0,0,1,1
509,24,8.6199999,0,0,1,1
509,25,7.4200001,0,0,1,1
509,26,7.7399998,0,0,1,1
509,27,8.6599998,0,0,1,1
509,28,7.8800001,0,0,1,1
509,29,8.3400002,0,0,1,1
509,30,8.9200001,0,0,1,1
509,31,6.6999998,0,0,1,1
509,32,7.3200002,0,0,1,1
509,33,8.3999996,0,0,1,1
509,34,7.96,0,0,1,1
509,35,7.7800002,0,0,1,1
509,36,8.3199997,0,0,1,1
510,-15,,0,0,0,0
510,-14,10.8,0,0,0,0
510,-13,9.8000002,0,0,0,0
510,-12,10.5,0,0,0,0
510,-11,10.6,0,0,0,0
510,-10,11.4,0,0,0,0
510,-9,10.1,0,0,0,0
510,-8,11,0,0,0,0
510,-7,11.2,0,0,0,0
510,-6,9.1999998,0,0,0,0
510,-5,9.6999998,0,0,0,0
510,-4,9.5,0,0,0,0
510,-3,9.1999998,0,0,0,0
510,-2,9.3000002,0,0,0,0
510,-1,10,0,0,0,0
510,0,5.3000002,0,0,0,0
510,1,11.74,0,0,0,0
510,2,11.74,0,0,0,0
510,3,9.9799995,0,0,0,0
510,4,10.52,0,0,0,0
510,5,9.46,0,0,0,0
510,6,9.3599997,0,0,0,0
510,7,10.4,0,0,0,0
510,8,8.7200003,0,0,0,0
510,9,9.6000004,0,0,0,0
510,10,9.6800003,0,0,0,0
510,11,10.74,0,0,0,0
510,12,10.2,0,0,0,0
510,13,10.52,0,0,0,0
510,14,9.2399998,0,0,0,0
510,15,10.36,0,0,0,0
510,16,10.52,0,0,0,0
510,17,11.1,0,0,0,0
510,18,9.5799999,0,0,0,0
510,19,10.4,0,0,0,0
510,20,11.02,0,0,0,0
510,21,9.8800001,0,0,0,0
510,22,9,1,0,0,1
510,23,9.1199999,1,0,0,1
510,24,8.9799995,1,0,0,1
510,25,6.96,0,1,0,1
510,26,9.1599998,0,1,0,1
510,27,8.5799999,0,1,0,1
510,28,9.1000004,0,1,0,1
510,29,8.5200005,0,0,1,1
510,30,8.2600002,0,0,1,1
510,31,7.8800001,0,0,1,1
510,32,8.0799999,0,0,1,1
510,33,7.7399998,0,0,1,1
510,34,9.0799999,0,0,1,1
510,35,8.96,0,0,1,1
510,36,9.9200001,0,0,1,1
511,-15,9.3000002,0,0,0,0
511,-14,9.5,0,0,0,0
511,-13,9.1999998,0,0,0,0
511,-12,9.3999996,0,0,0,0
511,-11,8.6000004,0,0,0,0
511,-10,9.1000004,0,0,0,0
511,-9,9.3000002,0,0,0,0
511,-8,9.6000004,0,0,0,0
511,-7,9.6000004,0,0,0,0
511,-6,9.8999996,0,0,0,0
511,-5,9.1000004,0,0,0,0
511,-4,10.3,0,0,0,0
511,-3,4.4000001,0,0,0,0
511,-2,8.8000002,0,0,0,0
511,-1,8.8000002,0,0,0,0
511,0,7.0999999,0,0,0,0
511,1,10.6,0,0,0,0
511,2,10.16,0,0,0,0
511,3,9,0,0,0,0
511,4,8.8000002,0,0,0,0
511,5,8.1000004,0,0,0,0
511,6,8.2200003,0,0,0,0
511,7,8.3800001,0,0,0,0
511,8,8.6800003,0,0,0,0
511,9,9.1000004,0,0,0,0
511,10,9.2600002,0,0,0,0
511,11,11.78,0,0,0,0
511,12,9.6000004,0,0,0,0
511,13,9.04,0,0,0,0
511,14,10.08,0,0,0,0
511,15,10.32,0,0,0,0
511,16,10.68,0,0,0,0
511,17,9.6999998,0,0,0,0
511,18,8.54,1,0,0,1
511,19,8.7600002,1,0,0,1
511,20,10.02,1,0,0,1
511,21,8.54,0,1,0,1
511,22,7.6599998,0,1,0,1
511,23,8.3199997,0,1,0,1
511,24,8.6800003,0,1,0,1
511,25,8.2600002,0,0,1,1
511,26,8.1000004,0,0,1,1
511,27,7.5,0,0,1,1
511,28,9.2600002,0,0,1,1
511,29,9.4799995,0,0,1,1
511,30,7.7800002,0,0,1,1
511,31,7.5599999,0,0,1,1
511,32,8.6400003,0,0,1,1
511,33,8.6000004,0,0,1,1
511,34,8.04,0,0,1,1
511,35,8.5799999,0,0,1,1
511,36,8.3400002,0,0,1,1
512,-15,9.1999998,0,0,0,0
512,-14,9.3999996,0,0,0,0
512,-13,8.1000004,0,0,0,0
512,-12,11.6,0,0,0,0
512,-11,8.5,0,0,0,0
512,-10,8.5,0,0,0,0
512,-9,8.6999998,0,0,0,0
512,-8,8.8999996,0,0,0,0
512,-7,8.1999998,0,0,0,0
512,-6,8.5,0,0,0,0
512,-5,8.1999998,0,0,0,0
512,-4,9.3000002,0,0,0,0
512,-3,9.3000002,0,0,0,0
512,-2,9.3000002,0,0,0,0
512,-1,11.5,0,0,0,0
512,0,7.1999998,0,0,0,0
512,1,10.84,0,0,0,0
512,2,10.28,0,0,0,0
512,3,9.0200005,0,0,0,0
512,4,8.8999996,0,0,0,0
512,5,8.1999998,0,0,0,0
512,6,8.1599998,0,0,0,0
512,7,8.6599998,0,0,0,0
512,8,7.9200001,0,0,0,0
512,9,8.9799995,0,0,0,0
512,10,9.3400002,0,0,0,0
512,11,10.3,0,0,0,0
512,12,9.8800001,0,0,0,0
512,13,9.4399996,0,0,0,0
512,14,8.4799995,1,0,0,1
512,15,10.44,1,0,0,1
512,16,9.9799995,1,0,0,1
512,17,9.2399998,0,1,0,1
512,18,8.04,0,1,0,1
512,19,8.1999998,0,1,0,1
512,20,9.04,0,1,0,1
512,21,9.04,0,0,1,1
512,22,9.1999998,0,0,1,1
512,23,8.6999998,0,0,1,1
512,24,9.0200005,0,0,1,1
512,25,8.1999998,0,0,1,1
512,26,8.5200005,0,0,1,1
512,27,8.3199997,0,0,1,1
512,28,8.3400002,0,0,1,1
512,29,9.1800003,0,0,1,1
512,30,9.5,0,0,1,1
512,31,8.3800001,0,0,1,1
512,32,7.5999999,0,0,1,1
512,33,7.7199998,0,0,1,1
512,34,8.3599997,0,0,1,1
512,35,7.96,0,0,1,1
512,36,14.48,0,0,1,1
513,-15,8.6999998,0,0,0,0
513,-14,8.3999996,0,0,0,0
513,-13,8.6999998,0,0,0,0
513,-12,9.3000002,0,0,0,0
513,-11,9.5,0,0,0,0
513,-10,9.3000002,0,0,0,0
513,-9,9.3999996,0,0,0,0
513,-8,9.3000002,0,0,0,0
513,-7,10.2,0,0,0,0
513,-6,8.6999998,0,0,0,0
513,-5,8.5,0,0,0,0
513,-4,5,0,0,0,0
513,-3,7.9000001,0,0,0,0
513,-2,8.8000002,0,0,0,0
513,-1,8.5,0,0,0,0
513,0,5.1999998,0,0,0,0
513,1,8.54,1,0,0,1
513,2,7.6799998,1,0,0,1
513,3,7.2399998,0,1,0,1
513,4,5.8600001,0,1,0,1
513,5,6.46,0,1,0,1
513,6,5.5,0,1,0,1
513,7,6.5999999,0,1,0,1
513,8,5.7199998,0,1,0,1
513,9,6.2800002,0,0,1,1
513,10,6.1599998,0,0,1,1
513,11,7.5599999,0,0,1,1
513,12,6.7600002,0,0,1,1
513,13,6.9000001,0,0,1,1
513,14,6.6799998,0,0,1,1
513,15,8.1199999,0,0,1,1
513,16,8.0600004,0,0,1,1
513,17,7.48,0,0,1,1
513,18,6.8600001,0,0,1,1
513,19,8.2600002,0,0,1,1
513,20,8.6000004,0,0,1,1
513,21,8.0799999,0,0,1,1
513,22,7.5,0,0,1,1
513,23,7.5999999,0,0,1,1
513,24,8.2600002,0,0,1,1
513,25,7.4000001,0,0,1,1
513,26,8.04,0,0,1,1
513,27,7.0599999,0,0,1,1
513,28,8.1199999,0,0,1,1
513,29,7.9000001,0,0,1,1
513,30,7.4400001,0,0,1,1
513,31,7.7800002,0,0,1,1
513,32,7.1799998,0,0,1,1
513,33,6.96,0,0,1,1
513,34,7.5999999,0,0,1,1
513,35,7.3600001,0,0,1,1
513,36,7.3000002,0,0,1,1
